de-date;tavg;tmin;tmax;wind;globrad;precip;relhumid
01.01.2021;-2.35;-3.92;-0.63;4.57;1.29;3.72;97.38
02.01.2021;-2.8;-7.92;-0.0;3.1;1.4;2.39;97.62
03.01.2021;-6.99;-8.24;-3.52;2.57;1.37;0.1;99.69
04.01.2021;-4.64;-8.35;-2.3;3.82;1.52;0.23;98.0
05.01.2021;-5.52;-7.19;-3.72;3.6;1.62;0.39;97.38
06.01.2021;-5.77;-8.62;-2.42;2.8;1.15;1.3;97.75
07.01.2021;-0.22;-1.87;0.37;3.2;2.29;3.72;96.81
08.01.2021;-0.81;-3.25;0.5;5.51;0.95;5.07;96.56
09.01.2021;-3.99;-5.28;-1.74;3.11;1.63;0.16;96.75
10.01.2021;-6.59;-12.17;-3.85;3.43;1.46;0.43;96.25
11.01.2021;-11.1;-13.07;-7.05;1.59;1.71;0.28;96.5
12.01.2021;-9.55;-11.88;-5.93;1.64;2.16;0.19;97.0
13.01.2021;-8.27;-9.84;-3.87;6.41;0.89;12.51;97.19
14.01.2021;-12.54;-16.08;-4.2;2.85;3.01;0.24;97.62
15.01.2021;-10.49;-14.21;-6.97;1.66;1.97;0.21;99.12
16.01.2021;-15.85;-19.67;-11.11;4.76;3.83;0.96;97.12
17.01.2021;-21.09;-24.21;-16.69;2.2;5.48;0.07;96.81
18.01.2021;-18.85;-20.56;-15.95;2.08;4.08;0.66;95.19
19.01.2021;-18.7;-20.18;-15.51;1.38;4.15;0.35;95.56
20.01.2021;-21.17;-24.26;-16.23;1.74;5.69;0.07;98.62
21.01.2021;-16.04;-24.86;-4.94;5.27;3.18;0.82;97.19
22.01.2021;-2.56;-4.72;-1.17;4.41;2.26;0.34;98.25
23.01.2021;-0.13;-2.27;0.59;4.27;2.01;0.56;97.94
24.01.2021;0.66;-0.02;0.98;5.02;2.34;1.59;96.44
25.01.2021;-0.87;-2.33;0.22;6.09;1.6;0.59;97.56
26.01.2021;-0.25;-1.96;0.84;6.84;2.49;5.95;94.88
27.01.2021;-0.72;-3.16;0.45;2.43;2.1;7.14;96.81
28.01.2021;0.27;0.06;0.55;5.34;1.74;4.36;97.12
29.01.2021;-2.62;-4.52;-0.11;7.22;2.07;2.91;94.31
30.01.2021;-5.92;-10.58;0.01;4.25;4.14;5.37;97.25
31.01.2021;-3.66;-11.01;0.48;5.8;2.52;5.68;96.06
01.02.2021;-8.8;-13.35;-5.72;3.62;1.73;9.62;98.56
02.02.2021;-6.68;-8.77;-4.69;4.84;4.94;1.5;97.0
03.02.2021;-5.06;-9.16;-0.95;2.69;3.12;0.55;97.38
04.02.2021;-1.22;-3.83;0.24;3.96;3.19;3.84;97.12
05.02.2021;-8.14;-13.6;0.36;6.42;4.44;1.08;93.88
06.02.2021;-13.44;-16.77;-9.68;4.61;4.14;0.34;94.06
07.02.2021;-18.64;-23.18;-14.56;3.51;8.96;0.07;92.69
08.02.2021;-18.04;-23.86;-11.8;2.85;7.71;0.06;94.38
09.02.2021;-14.51;-15.48;-13.77;6.41;6.58;13.43;95.12
10.02.2021;-11.46;-15.13;-7.99;2.98;7.25;6.55;98.25
11.02.2021;-10.13;-13.42;-6.56;3.19;6.69;3.72;98.31
12.02.2021;-2.4;-13.74;0.58;5.32;5.43;10.06;97.62
13.02.2021;-15.11;-17.06;-12.53;5.78;5.74;0.51;90.31
14.02.2021;-15.88;-18.83;-12.85;5.25;8.86;0.31;94.12
15.02.2021;-18.45;-23.17;-11.55;2.23;10.2;0.04;94.19
16.02.2021;-20.56;-25.0;-13.89;1.63;11.17;0.03;94.06
17.02.2021;-17.16;-25.04;-11.2;3.34;9.32;0.13;96.69
18.02.2021;-14.93;-18.61;-8.79;1.72;10.32;0.15;96.06
19.02.2021;-17.17;-22.92;-12.19;2.71;11.55;0.03;95.56
20.02.2021;-13.42;-19.1;-8.2;2.73;10.26;0.09;96.81
21.02.2021;-6.29;-11.64;-1.92;3.23;6.2;0.78;98.25
22.02.2021;-3.42;-12.28;-0.77;3.73;7.2;3.62;94.56
23.02.2021;-21.21;-25.72;-13.61;3.69;12.55;0.03;91.44
24.02.2021;-16.4;-23.76;-11.41;3.81;6.66;1.26;94.19
25.02.2021;-4.24;-11.93;0.62;5.14;6.9;0.65;98.38
26.02.2021;0.51;0.09;1.13;5.23;11.23;0.16;97.5
27.02.2021;-0.28;-2.27;0.44;4.25;4.46;0.11;96.69
28.02.2021;-1.64;-3.68;0.35;2.67;4.2;0.76;97.19
01.03.2021;-3.37;-6.52;0.48;1.55;8.9;0.35;95.0
02.03.2021;-1.53;-4.74;0.3;5.65;7.13;2.98;96.0
03.03.2021;-2.06;-5.01;0.28;5.06;12.9;0.34;92.25
04.03.2021;-1.94;-5.44;0.45;5.53;12.15;0.26;96.5
05.03.2021;-2.24;-5.85;0.19;2.38;11.83;0.05;92.31
06.03.2021;-7.42;-11.8;-3.57;2.96;12.29;0.05;93.62
07.03.2021;-5.57;-12.64;-0.23;7.18;9.73;0.94;95.69
08.03.2021;-3.67;-8.84;-0.71;3.64;10.24;1.25;93.44
09.03.2021;-8.9;-12.96;-5.81;2.81;8.57;0.35;92.31
10.03.2021;-12.09;-17.45;-6.8;2.12;13.73;0.19;91.94
11.03.2021;-17.16;-23.03;-10.74;2.7;15.63;0.05;91.44
12.03.2021;-12.81;-21.81;-6.07;4.96;14.19;0.07;89.31
13.03.2021;-5.15;-8.31;-1.74;5.01;8.18;3.09;95.75
14.03.2021;-0.45;-2.35;0.64;4.73;8.0;0.21;96.81
15.03.2021;0.24;-1.42;1.65;4.3;9.79;0.17;92.44
16.03.2021;-0.72;-2.56;0.66;4.29;7.44;0.06;95.38
17.03.2021;-1.77;-4.45;0.19;3.14;5.48;0.37;94.38
18.03.2021;-3.1;-6.16;-0.06;1.56;7.02;0.35;94.0
19.03.2021;-2.44;-6.24;0.51;1.38;11.77;0.21;95.38
20.03.2021;-1.82;-5.21;0.69;1.05;13.62;1.14;91.69
21.03.2021;-3.18;-6.22;-0.16;3.93;10.55;0.44;91.81
22.03.2021;-2.23;-6.92;0.72;2.25;11.66;0.31;92.31
23.03.2021;-1.52;-3.73;0.14;3.58;10.19;1.78;94.81
24.03.2021;-2.74;-6.83;0.18;5.45;15.74;0.18;92.81
25.03.2021;-4.63;-9.43;0.94;3.12;17.7;0.02;95.19
26.03.2021;-2.22;-8.57;4.58;2.1;17.98;0.0;94.38
27.03.2021;1.26;-1.96;7.04;2.32;14.29;0.48;92.06
28.03.2021;2.19;-2.24;8.89;1.88;14.44;0.04;76.5
29.03.2021;1.4;-3.31;6.97;2.47;17.29;0.02;78.62
30.03.2021;0.89;-2.84;6.36;2.34;14.33;0.08;83.75
31.03.2021;2.99;-1.65;8.25;4.16;11.13;0.07;78.38
01.04.2021;7.6;2.2;14.56;4.09;12.28;0.02;76.25
02.04.2021;6.49;0.36;13.65;4.51;9.93;6.31;86.25
03.04.2021;2.72;-1.6;8.11;3.3;12.92;2.81;78.0
04.04.2021;2.99;-1.23;7.39;1.35;12.91;0.49;79.5
05.04.2021;3.08;-1.47;8.06;1.62;14.81;0.04;79.5
06.04.2021;4.52;-1.68;10.69;3.46;15.48;0.06;79.81
07.04.2021;2.99;-0.99;6.15;2.8;4.21;6.42;91.0
08.04.2021;1.77;-2.88;6.02;4.43;13.08;0.78;79.38
09.04.2021;2.42;-3.35;7.21;1.61;15.66;0.09;76.25
10.04.2021;5.17;-1.09;11.2;1.37;20.96;0.0;62.0
11.04.2021;6.69;-0.85;14.15;2.89;22.0;0.0;61.75
12.04.2021;10.61;2.83;19.82;3.8;16.36;0.15;80.81
13.04.2021;11.97;6.02;18.15;3.51;14.12;0.04;81.88
14.04.2021;10.95;5.46;17.54;1.66;17.18;0.13;84.5
15.04.2021;9.99;6.15;15.38;2.0;15.53;0.66;83.69
16.04.2021;7.81;2.8;12.73;2.95;12.63;0.46;84.31
17.04.2021;6.34;2.02;10.53;1.02;12.18;4.24;84.62
18.04.2021;6.37;1.88;10.95;1.26;13.05;6.72;86.0
19.04.2021;6.54;2.89;11.06;1.96;10.3;4.18;86.56
20.04.2021;5.98;1.32;11.43;4.3;6.21;7.42;91.25
21.04.2021;5.45;0.95;10.85;2.88;7.78;2.16;86.0
22.04.2021;8.1;3.33;14.55;2.7;18.42;0.33;83.44
23.04.2021;9.4;3.31;14.94;2.99;16.93;10.53;84.25
24.04.2021;3.84;-0.42;6.75;4.63;16.49;4.1;81.62
25.04.2021;3.48;-1.72;8.48;3.98;18.54;0.31;74.19
26.04.2021;3.94;-0.17;8.46;2.2;14.17;7.18;82.62
27.04.2021;2.27;-1.62;6.38;3.52;18.89;1.55;79.5
28.04.2021;4.53;-3.08;10.34;2.32;17.79;0.03;72.44
29.04.2021;7.66;0.08;14.28;1.85;23.91;0.0;69.62
30.04.2021;10.88;3.71;17.65;4.03;17.18;0.26;75.81
01.05.2021;12.82;7.85;16.69;3.11;18.22;4.41;76.75
02.05.2021;14.6;6.97;20.98;2.88;14.2;2.16;78.88
03.05.2021;14.18;6.3;19.51;4.56;15.12;3.7;81.5
04.05.2021;6.68;2.21;11.37;4.65;20.24;0.04;68.75
05.05.2021;9.73;1.09;16.46;3.32;25.79;0.0;71.38
06.05.2021;11.82;7.62;15.69;4.4;18.14;6.9;76.0
07.05.2021;11.0;5.59;16.01;2.02;20.62;2.15;70.81
08.05.2021;10.01;6.27;13.05;5.27;4.93;20.84;88.69
09.05.2021;6.9;2.93;10.33;4.95;14.78;0.9;76.56
10.05.2021;9.13;2.35;14.54;5.71;21.55;0.19;66.69
11.05.2021;10.17;5.37;14.69;5.15;18.28;0.33;80.31
12.05.2021;9.47;4.52;13.44;3.33;15.97;1.78;81.19
13.05.2021;12.04;7.82;17.28;2.94;19.52;1.88;81.88
14.05.2021;16.23;8.92;22.08;3.46;19.65;7.09;87.19
15.05.2021;16.4;10.01;22.19;2.65;21.64;0.32;78.75
16.05.2021;18.49;11.37;24.56;1.6;24.82;0.07;71.38
17.05.2021;20.31;14.33;26.55;4.12;25.69;2.47;74.75
18.05.2021;17.61;13.9;21.8;2.52;17.22;3.74;88.19
19.05.2021;13.67;10.51;17.29;2.99;11.16;4.97;88.25
20.05.2021;13.14;8.9;16.58;3.31;14.15;3.25;85.88
21.05.2021;12.16;8.01;16.61;2.27;17.04;0.49;79.75
22.05.2021;14.08;5.91;20.46;1.84;29.22;0.0;67.25
23.05.2021;15.09;8.53;21.65;2.02;22.88;0.0;70.81
24.05.2021;13.96;7.55;18.6;1.72;18.36;1.61;74.44
25.05.2021;16.11;9.05;21.94;2.0;26.48;0.01;71.25
26.05.2021;18.34;11.94;23.69;1.72;23.48;0.04;73.12
27.05.2021;19.58;14.12;24.4;1.89;20.01;0.09;72.81
28.05.2021;20.53;13.41;25.79;1.29;24.0;0.24;65.88
29.05.2021;19.06;15.82;23.2;1.38;19.7;9.1;82.5
30.05.2021;14.82;9.23;18.98;3.02;8.37;5.65;87.0
31.05.2021;9.86;7.66;12.41;2.86;9.01;0.42;82.12
01.06.2021;9.91;5.76;14.08;3.98;12.73;0.48;77.31
02.06.2021;13.6;7.77;18.73;5.24;23.31;0.17;73.62
03.06.2021;14.12;9.53;18.74;4.76;20.68;0.41;70.94
04.06.2021;15.33;10.09;19.51;3.31;22.5;0.03;73.75
05.06.2021;14.23;11.09;17.4;3.02;11.23;1.99;86.62
06.06.2021;14.84;10.79;17.66;1.55;16.34;3.78;83.94
07.06.2021;16.57;12.22;20.05;0.77;16.96;3.71;77.31
08.06.2021;17.6;13.14;21.29;0.76;18.26;2.04;74.81
09.06.2021;18.12;12.44;22.01;0.97;21.77;4.84;76.38
10.06.2021;17.49;13.4;21.29;1.39;18.04;5.48;82.81
11.06.2021;17.19;11.98;20.91;1.22;19.42;2.31;83.25
12.06.2021;17.28;13.77;20.77;0.89;16.92;6.48;85.81
13.06.2021;18.54;12.15;23.15;1.79;24.19;2.87;83.44
14.06.2021;20.18;14.96;24.63;1.13;22.21;1.44;79.06
15.06.2021;20.44;15.19;24.33;1.68;26.85;0.59;78.88
16.06.2021;20.3;15.48;23.68;1.44;19.36;4.94;84.31
17.06.2021;20.15;14.58;24.96;4.19;29.3;0.13;77.38
18.06.2021;19.41;13.53;24.68;3.91;30.68;0.0;75.12
19.06.2021;20.04;14.01;25.56;3.04;29.88;0.0;73.81
20.06.2021;20.7;13.31;26.29;2.96;29.64;0.0;70.69
21.06.2021;23.01;17.29;29.23;3.09;28.4;0.0;70.56
22.06.2021;23.95;17.37;30.24;2.62;30.04;0.0;69.5
23.06.2021;24.38;19.15;29.3;2.55;26.98;0.28;75.31
24.06.2021;26.24;19.33;31.95;1.75;27.84;0.09;71.19
25.06.2021;26.01;21.62;31.22;1.63;27.69;0.14;71.69
26.06.2021;25.42;20.19;30.89;1.93;24.68;2.33;71.88
27.06.2021;25.01;20.22;29.66;2.55;24.51;1.51;78.31
28.06.2021;21.96;18.4;25.51;2.69;16.0;5.72;85.38
29.06.2021;20.42;16.74;23.97;2.09;21.77;4.89;81.19
30.06.2021;19.95;15.72;24.28;2.34;23.79;1.53;78.38
01.07.2021;21.92;14.48;27.17;2.09;26.62;1.16;71.31
02.07.2021;22.33;17.69;25.48;1.05;18.64;5.68;76.56
03.07.2021;23.04;18.93;27.46;1.07;24.72;1.75;78.06
04.07.2021;21.46;17.48;25.37;2.68;25.95;3.3;84.81
05.07.2021;21.9;17.21;26.43;4.42;22.88;0.98;77.56
06.07.2021;20.48;15.11;24.75;3.66;21.41;0.37;72.69
07.07.2021;20.84;14.03;27.23;2.93;29.59;0.07;66.44
08.07.2021;21.64;13.97;27.75;2.15;27.12;0.0;64.06
09.07.2021;23.27;15.34;29.73;1.68;27.73;0.0;63.44
10.07.2021;24.28;17.55;30.15;1.96;25.73;0.0;66.19
11.07.2021;25.48;19.18;30.85;2.12;22.47;0.62;66.0
12.07.2021;25.25;18.79;31.05;2.81;27.56;0.0;60.94
13.07.2021;24.31;16.8;31.21;2.08;29.2;0.0;53.62
14.07.2021;25.85;16.72;32.29;0.8;28.98;0.0;48.19
15.07.2021;26.53;20.14;32.08;1.38;21.74;1.91;51.06
16.07.2021;23.58;20.23;27.88;1.32;16.67;6.51;75.0
17.07.2021;25.45;19.06;30.89;1.75;23.59;1.15;67.75
18.07.2021;26.57;19.8;32.19;1.53;23.63;0.41;62.31
19.07.2021;26.99;20.83;32.57;1.51;24.66;0.28;61.44
20.07.2021;25.44;20.29;30.65;2.12;24.9;0.29;65.19
21.07.2021;22.83;16.58;28.96;2.71;10.01;10.88;74.94
22.07.2021;19.65;14.19;24.74;3.88;25.36;0.07;65.75
23.07.2021;19.12;11.42;25.64;2.7;27.13;0.0;59.94
24.07.2021;20.18;14.25;25.32;2.54;19.32;0.47;66.62
25.07.2021;21.24;13.69;27.44;1.56;24.84;0.0;57.12
26.07.2021;23.18;14.67;29.59;1.11;24.09;0.04;52.0
27.07.2021;24.65;16.4;30.94;0.82;24.39;0.57;48.06
28.07.2021;23.26;18.23;30.17;2.08;14.55;1.72;55.75
29.07.2021;25.15;18.38;31.09;1.48;22.87;0.8;59.94
30.07.2021;24.72;19.23;30.39;2.62;21.14;1.03;63.38
31.07.2021;24.46;16.98;31.41;1.96;24.29;0.35;58.44
01.08.2021;26.51;18.82;33.11;1.41;23.2;0.0;51.44
02.08.2021;27.51;20.3;34.13;3.02;22.6;4.09;51.62
03.08.2021;21.34;17.22;24.44;2.22;15.73;2.75;68.69
04.08.2021;21.02;14.68;26.54;1.85;22.33;0.03;56.94
05.08.2021;22.38;15.81;28.5;1.71;13.93;0.18;53.81
06.08.2021;25.76;18.6;32.89;3.42;21.48;0.23;50.19
07.08.2021;25.8;21.5;32.31;3.38;9.64;1.15;48.81
08.08.2021;23.52;19.94;28.27;2.23;11.72;3.69;65.0
09.08.2021;26.95;19.19;35.01;2.25;22.26;0.0;51.88
10.08.2021;25.26;20.98;30.38;2.14;6.6;0.36;56.75
11.08.2021;23.01;19.96;27.51;2.97;12.76;0.93;65.31
12.08.2021;23.51;18.59;29.43;3.27;19.59;0.22;64.0
13.08.2021;20.79;14.62;26.98;3.12;20.53;0.0;58.75
14.08.2021;21.01;14.04;27.62;2.41;21.3;0.0;60.19
15.08.2021;22.99;14.6;29.9;1.18;23.43;0.0;51.12
16.08.2021;25.36;18.28;32.41;0.57;23.07;0.0;41.56
17.08.2021;26.17;18.18;33.37;1.85;22.85;0.0;45.75
18.08.2021;26.57;20.92;32.41;1.8;15.21;0.6;52.44
19.08.2021;25.65;19.64;31.77;1.77;16.85;0.45;55.5
20.08.2021;23.98;17.02;30.9;2.39;18.13;1.36;63.81
21.08.2021;22.59;17.78;28.06;1.71;16.34;2.86;69.06
22.08.2021;19.77;14.36;25.46;2.78;18.26;0.41;60.81
23.08.2021;18.94;12.22;25.15;1.45;19.97;0.0;54.06
24.08.2021;20.07;12.34;26.72;0.81;18.11;0.0;50.12
25.08.2021;20.96;13.97;26.62;1.67;14.59;1.54;56.44
26.08.2021;21.91;15.78;27.51;3.19;14.48;1.93;56.94
27.08.2021;18.42;15.86;21.92;3.0;9.6;13.89;79.19
28.08.2021;22.21;14.12;28.8;1.28;19.93;0.48;59.62
29.08.2021;24.22;18.08;30.75;1.98;18.53;0.03;47.75
30.08.2021;23.85;16.84;31.32;3.55;19.44;0.0;40.0
31.08.2021;21.37;16.07;26.64;3.37;9.05;2.76;51.19
01.09.2021;19.06;14.45;24.64;3.84;17.09;0.04;64.19
02.09.2021;13.82;9.83;16.59;3.29;6.28;11.25;82.0
03.09.2021;12.55;7.02;17.37;5.27;17.44;0.22;64.56
04.09.2021;11.34;6.12;16.54;3.44;16.95;0.64;60.81
05.09.2021;9.32;3.9;14.89;2.65;16.19;0.16;65.56
06.09.2021;8.84;2.96;14.71;1.95;13.97;0.04;64.0
07.09.2021;10.08;2.2;17.64;1.8;19.6;0.0;59.94
08.09.2021;12.3;5.58;18.45;2.27;11.45;0.01;61.0
09.09.2021;15.36;9.46;23.31;2.45;18.51;0.0;60.5
10.09.2021;17.23;8.68;25.81;1.88;18.87;0.0;63.12
11.09.2021;18.37;13.0;24.51;1.27;13.06;0.01;66.69
12.09.2021;19.28;13.79;25.44;0.86;10.95;0.02;61.81
13.09.2021;19.73;13.61;26.48;1.98;14.38;0.0;59.25
14.09.2021;17.22;9.81;22.74;3.34;14.05;0.11;63.5
15.09.2021;12.15;6.75;18.94;3.16;18.63;0.0;54.06
16.09.2021;10.44;4.58;17.45;1.96;18.41;0.0;60.0
17.09.2021;10.75;4.63;17.73;1.33;9.12;6.68;67.56
18.09.2021;9.05;8.28;10.27;5.32;2.87;30.28;91.62
19.09.2021;11.24;8.29;14.19;3.86;2.24;15.71;91.62
20.09.2021;11.08;7.59;14.89;2.54;6.24;3.5;83.38
21.09.2021;8.8;4.66;12.29;2.03;4.94;0.71;83.12
22.09.2021;7.02;3.97;10.44;1.97;6.05;2.48;88.69
23.09.2021;7.65;5.43;10.27;1.39;6.4;1.4;87.75
24.09.2021;7.93;3.43;12.05;3.84;6.95;4.24;84.0
25.09.2021;10.26;7.29;14.7;2.59;8.25;2.28;83.81
26.09.2021;10.93;7.8;14.14;5.27;7.84;2.04;81.44
27.09.2021;9.87;6.67;14.1;4.01;5.87;0.63;81.19
28.09.2021;8.23;4.3;11.94;3.21;5.12;0.35;80.88
29.09.2021;6.22;1.94;12.5;2.26;11.0;0.0;71.06
30.09.2021;6.51;1.11;13.57;1.58;14.67;0.0;72.94
01.10.2021;6.05;1.23;12.43;1.84;12.76;0.0;80.12
02.10.2021;6.63;2.27;12.41;2.05;8.3;0.02;83.94
03.10.2021;8.34;4.9;13.48;2.21;10.68;0.05;80.88
04.10.2021;7.63;3.63;12.69;2.72;7.93;0.02;77.0
05.10.2021;7.51;2.96;13.42;2.81;9.59;0.04;77.0
06.10.2021;5.3;1.12;11.08;3.38;13.89;0.0;61.62
07.10.2021;4.33;-0.47;11.17;2.76;10.5;0.0;64.44
08.10.2021;4.56;-0.76;12.18;2.41;13.1;0.0;64.25
09.10.2021;4.55;-2.19;12.17;1.92;13.26;0.0;63.56
10.10.2021;6.04;0.73;13.34;1.55;12.41;0.0;65.94
11.10.2021;6.37;2.37;14.08;1.93;10.83;0.0;70.88
12.10.2021;7.48;0.56;13.17;2.76;5.62;0.09;75.56
13.10.2021;11.18;6.3;16.92;2.66;5.32;3.54;82.44
14.10.2021;8.22;3.64;12.5;4.45;2.36;3.38;87.75
15.10.2021;5.01;2.06;10.37;2.69;8.25;0.12;78.69
16.10.2021;6.1;0.48;13.15;2.3;6.53;0.1;81.56
17.10.2021;5.99;2.51;12.0;1.34;9.47;0.05;84.75
18.10.2021;6.05;2.91;10.19;2.84;7.94;0.21;82.81
19.10.2021;2.83;-0.35;6.27;3.61;6.71;0.21;82.69
20.10.2021;2.35;-2.53;6.83;3.27;9.85;0.25;69.06
21.10.2021;10.6;5.3;17.23;6.44;7.65;0.02;70.56
22.10.2021;10.55;4.55;16.4;4.98;8.23;0.01;73.5
23.10.2021;6.5;1.51;13.8;3.66;8.73;0.0;73.06
24.10.2021;2.58;0.4;6.66;3.66;4.56;0.18;85.75
25.10.2021;0.33;-3.51;5.05;2.04;9.84;0.0;74.06
26.10.2021;1.05;-3.53;8.31;2.88;9.09;0.0;65.62
27.10.2021;2.33;-2.65;8.91;3.77;8.38;0.01;76.88
28.10.2021;5.92;2.65;8.43;3.69;2.59;1.8;94.5
29.10.2021;6.12;1.78;10.73;1.16;7.7;0.02;85.31
30.10.2021;4.82;1.04;12.07;1.63;7.46;0.0;88.5
31.10.2021;4.56;-0.19;12.86;1.53;8.03;0.0;86.5
01.11.2021;3.01;-1.73;10.04;1.98;8.04;0.05;91.25
02.11.2021;7.22;3.82;11.5;4.09;3.24;4.88;91.56
03.11.2021;8.05;6.5;11.36;3.63;2.32;2.73;94.88
04.11.2021;8.19;6.33;10.53;2.02;2.48;1.56;96.44
05.11.2021;10.71;7.57;13.58;4.48;1.6;1.51;94.06
06.11.2021;7.52;2.1;10.6;3.8;1.89;9.83;91.19
07.11.2021;5.15;2.45;8.05;3.66;3.44;0.16;88.75
08.11.2021;5.27;3.42;8.94;4.3;1.64;0.48;91.56
09.11.2021;1.5;-4.38;4.73;5.15;2.28;0.42;82.81
10.11.2021;-3.34;-5.14;0.55;2.49;6.91;0.01;79.31
11.11.2021;-0.45;-3.28;3.4;4.02;4.87;0.0;64.69
12.11.2021;0.71;-1.5;3.83;4.43;3.35;0.29;86.06
13.11.2021;0.55;-2.44;4.47;2.7;4.49;0.14;94.88
14.11.2021;0.26;-1.58;3.72;1.0;1.82;0.45;90.25
15.11.2021;-1.85;-5.79;1.95;2.95;2.91;0.06;87.25
16.11.2021;-3.35;-5.72;0.89;2.05;6.33;0.0;81.25
17.11.2021;-2.88;-5.55;-0.01;1.95;2.11;0.02;84.81
18.11.2021;-3.87;-8.52;1.14;2.57;4.95;0.01;81.69
19.11.2021;-0.9;-2.75;2.12;2.66;1.77;0.85;91.69
20.11.2021;2.42;-1.67;6.77;6.88;2.93;4.27;92.81
21.11.2021;1.56;-1.49;3.8;5.05;2.19;1.82;96.56
22.11.2021;0.73;-3.22;3.83;3.4;3.24;0.62;93.0
23.11.2021;-3.17;-5.38;-1.07;1.57;3.23;0.02;74.38
24.11.2021;-3.9;-5.86;-1.04;2.66;5.68;0.02;70.5
25.11.2021;-0.66;-2.63;2.61;4.12;2.24;0.1;88.44
26.11.2021;-1.65;-3.99;1.82;5.04;1.93;0.07;85.38
27.11.2021;-0.17;-4.24;2.63;5.18;1.15;4.33;95.69
28.11.2021;1.65;0.84;2.64;2.34;2.03;0.6;99.31
29.11.2021;4.6;1.86;9.35;4.66;1.22;14.78;99.25
30.11.2021;1.28;-4.74;9.05;7.27;1.59;2.7;83.56
01.12.2021;-2.57;-4.71;0.9;3.52;3.23;0.43;90.38
02.12.2021;-1.94;-4.97;0.31;4.42;2.85;1.14;83.38
03.12.2021;2.23;0.18;5.73;4.44;2.01;4.89;98.38
04.12.2021;-2.4;-4.21;0.16;2.41;1.63;0.28;91.44
05.12.2021;-3.47;-4.61;-0.3;1.33;2.93;0.0;86.81
06.12.2021;-3.2;-6.17;-0.93;2.95;1.99;1.52;92.5
07.12.2021;0.57;-2.19;1.9;4.77;0.93;17.72;96.56
08.12.2021;0.95;0.33;2.08;2.88;1.28;0.65;97.25
09.12.2021;0.73;-0.03;1.98;3.02;1.04;1.07;97.62
10.12.2021;0.05;-1.7;1.51;4.26;1.05;0.57;93.12
11.12.2021;-2.34;-3.77;-1.02;4.91;0.98;0.12;88.75
12.12.2021;-2.29;-2.89;-0.83;4.28;1.06;0.22;89.5
13.12.2021;-2.9;-3.48;-1.74;3.98;1.23;0.25;81.75
14.12.2021;-2.81;-4.83;-0.35;1.77;0.9;0.34;92.25
15.12.2021;-2.99;-5.27;0.48;1.17;1.95;0.12;93.0
16.12.2021;-2.7;-6.29;-0.13;3.33;1.34;1.74;94.19
17.12.2021;-0.93;-3.53;1.4;2.05;1.92;0.31;96.0
18.12.2021;-3.34;-5.72;-0.37;3.5;1.33;0.44;92.88
19.12.2021;-2.05;-5.04;-0.2;5.38;1.04;10.78;95.81
20.12.2021;-5.75;-11.6;-2.87;3.03;1.6;0.93;92.38
21.12.2021;-13.31;-17.85;-10.52;2.48;1.71;0.42;86.56
22.12.2021;-16.9;-17.74;-15.67;3.3;2.83;0.34;87.81
23.12.2021;-15.7;-18.87;-12.93;3.38;4.18;0.16;90.44
24.12.2021;-11.96;-13.92;-9.03;5.44;3.66;1.49;89.38
25.12.2021;-7.81;-15.68;-1.72;4.5;1.84;2.08;96.62
26.12.2021;-11.06;-14.44;-8.15;3.88;4.28;0.08;97.06
27.12.2021;-15.33;-18.57;-11.01;2.26;4.28;0.01;97.75
28.12.2021;-14.94;-18.81;-11.5;2.6;2.61;0.31;96.12
29.12.2021;-11.65;-14.64;-10.1;4.74;1.66;2.6;97.12
30.12.2021;-11.45;-14.7;-8.29;1.14;1.1;0.35;95.12
31.12.2021;-7.59;-12.17;-4.84;2.96;1.35;1.12;97.81
01.01.2022;-3.84;-5.53;-1.48;3.56;1.69;6.63;98.12
02.01.2022;-9.84;-15.14;-2.85;3.81;3.18;0.89;96.06
03.01.2022;-7.98;-14.45;-1.79;3.16;0.64;9.65;98.0
04.01.2022;-10.82;-14.06;-4.42;2.68;2.55;1.04;98.5
05.01.2022;-2.32;-10.33;0.7;5.16;0.91;5.57;96.75
06.01.2022;-0.05;-1.81;0.44;3.63;1.08;2.31;96.44
07.01.2022;-5.3;-10.79;-1.4;5.33;2.01;0.5;95.12
08.01.2022;-11.1;-13.15;-7.06;2.91;4.11;0.04;98.56
09.01.2022;-8.52;-13.0;-3.95;5.01;4.28;6.64;95.56
10.01.2022;-5.18;-8.23;-2.2;2.76;3.07;3.48;97.31
11.01.2022;-8.79;-12.15;-7.18;4.54;1.65;0.93;95.69
12.01.2022;-14.2;-16.9;-12.36;4.91;3.51;1.15;96.81
13.01.2022;-16.38;-19.3;-8.63;4.39;4.7;1.22;97.25
14.01.2022;-2.17;-7.7;0.42;8.53;2.46;3.39;95.62
15.01.2022;-3.24;-4.7;-1.59;7.27;1.87;1.46;93.0
16.01.2022;-6.69;-11.18;-2.45;4.32;4.33;0.3;95.12
17.01.2022;-5.54;-9.88;-2.1;6.51;3.59;3.25;96.06
18.01.2022;-5.47;-7.63;-3.17;4.49;3.72;2.14;96.19
19.01.2022;-11.95;-18.48;-7.28;4.16;3.81;0.77;95.12
20.01.2022;-13.43;-18.53;-7.5;4.7;3.95;0.62;98.62
21.01.2022;-5.56;-7.31;-3.44;5.87;2.45;4.25;96.5
22.01.2022;-6.09;-9.72;-3.23;3.23;4.44;1.14;97.94
23.01.2022;-8.55;-11.31;-5.27;3.14;4.09;0.23;99.81
24.01.2022;-9.85;-12.7;-7.24;5.59;4.25;0.66;97.5
25.01.2022;-12.16;-14.57;-8.99;1.57;5.2;0.38;95.5
26.01.2022;-12.05;-14.22;-8.93;1.83;5.24;1.0;97.88
27.01.2022;-10.91;-15.39;-5.58;1.48;5.21;0.32;94.31
28.01.2022;-7.79;-14.18;-4.28;5.0;3.92;2.28;96.69
29.01.2022;-4.54;-6.15;-2.19;2.62;2.32;2.61;98.0
30.01.2022;-5.55;-8.94;-3.55;5.23;3.55;1.16;97.0
31.01.2022;-2.93;-5.0;-0.63;5.65;2.43;3.2;97.12
01.02.2022;-4.24;-7.33;-2.07;5.1;2.74;1.17;96.5
02.02.2022;-8.17;-11.31;-3.42;2.42;3.86;0.21;98.44
03.02.2022;-5.98;-8.24;-3.05;1.67;2.98;0.4;98.88
04.02.2022;-8.88;-13.51;-3.84;2.91;5.08;0.32;97.5
05.02.2022;-13.01;-16.0;-8.07;2.48;3.79;0.75;99.62
06.02.2022;-3.66;-9.35;0.18;4.42;3.97;1.54;96.94
07.02.2022;-2.82;-6.95;-0.2;4.83;2.33;1.92;97.12
08.02.2022;-0.77;-5.75;0.33;2.37;3.76;3.93;97.56
09.02.2022;-6.67;-10.53;-1.53;2.3;3.56;0.36;97.31
10.02.2022;-1.89;-5.81;0.78;4.56;5.73;1.43;94.0
11.02.2022;-1.39;-3.5;0.53;4.59;6.15;1.39;96.94
12.02.2022;-4.17;-11.11;-0.63;2.88;7.07;0.72;95.19
13.02.2022;-7.71;-11.35;-2.1;4.86;10.25;0.08;98.06
14.02.2022;-7.25;-12.15;-1.24;4.5;10.16;0.01;95.81
15.02.2022;-8.28;-13.34;-0.31;2.94;10.68;0.0;96.44
16.02.2022;-6.5;-11.99;-1.2;4.12;8.05;0.51;96.44
17.02.2022;0.1;-2.24;1.05;8.22;7.33;0.95;95.81
18.02.2022;-0.25;-2.23;0.69;4.73;3.13;3.09;97.38
19.02.2022;-1.1;-4.61;0.82;6.45;3.59;1.55;97.5
20.02.2022;-0.16;-2.52;0.58;5.94;10.29;0.13;94.62
21.02.2022;-1.1;-5.38;1.45;4.55;10.06;0.17;93.69
22.02.2022;0.53;0.14;0.89;5.45;8.87;1.35;96.25
23.02.2022;-2.14;-6.51;0.42;3.12;8.63;0.03;95.31
24.02.2022;-4.81;-9.81;0.08;1.21;10.74;0.01;91.19
25.02.2022;-5.72;-10.66;-2.07;2.65;9.96;3.51;97.62
26.02.2022;-2.94;-4.52;-0.41;3.53;9.88;1.12;96.62
27.02.2022;-2.37;-4.97;0.44;5.25;9.97;0.15;93.38
28.02.2022;-3.52;-5.39;-1.2;5.02;8.95;1.51;96.12
01.03.2022;-1.96;-4.64;0.15;4.12;5.84;0.67;96.56
02.03.2022;-2.31;-5.26;0.11;3.21;6.79;2.27;97.06
03.03.2022;-2.13;-6.02;0.06;2.63;4.34;2.65;97.0
04.03.2022;-1.57;-3.27;0.02;6.38;2.99;14.38;96.25
05.03.2022;-4.05;-7.06;-1.62;6.01;6.44;4.03;94.12
06.03.2022;-7.55;-12.45;-2.51;2.83;14.45;0.01;94.44
07.03.2022;-5.4;-8.56;-1.35;2.26;10.75;0.23;92.0
08.03.2022;-5.36;-7.42;-1.73;1.73;8.96;0.98;94.38
09.03.2022;-6.49;-10.35;-3.63;4.83;12.35;0.85;94.75
10.03.2022;-11.1;-15.25;-8.66;7.24;14.58;1.22;92.12
11.03.2022;-13.47;-18.55;-7.03;4.68;16.19;0.16;93.69
12.03.2022;-9.96;-18.67;-3.28;1.75;15.09;0.34;95.81
13.03.2022;-7.87;-12.02;-2.43;1.59;16.39;0.08;88.69
14.03.2022;-3.66;-10.08;0.18;3.98;11.87;0.26;97.25
15.03.2022;-4.99;-10.24;-2.0;3.52;16.91;0.06;91.94
16.03.2022;-8.12;-11.92;-4.07;3.23;17.32;0.04;90.75
17.03.2022;-8.65;-13.95;-4.88;5.07;17.68;0.14;94.69
18.03.2022;-8.61;-14.15;-3.35;2.49;18.03;0.03;94.0
19.03.2022;-7.55;-15.02;-0.08;0.91;16.28;0.09;93.31
20.03.2022;-4.45;-11.13;0.85;2.15;17.7;0.1;96.44
21.03.2022;-1.7;-5.23;1.26;3.52;17.75;0.01;95.44
22.03.2022;-2.98;-7.49;1.4;1.55;17.34;0.03;91.44
23.03.2022;-1.73;-6.63;4.65;1.59;16.8;0.0;86.94
24.03.2022;0.64;-5.6;8.23;2.81;17.08;0.0;84.56
25.03.2022;3.55;-3.49;11.58;1.28;16.87;0.0;71.69
26.03.2022;4.86;-0.45;10.75;5.7;16.75;1.92;83.88
27.03.2022;-2.11;-5.04;0.09;6.97;16.58;1.36;75.75
28.03.2022;0.24;-5.79;5.21;6.52;14.51;0.09;72.0
29.03.2022;4.97;1.43;11.96;4.82;16.59;3.5;88.38
30.03.2022;2.82;-0.21;7.17;1.86;7.55;4.21;88.06
31.03.2022;3.33;-1.39;8.6;2.11;5.85;5.71;96.5
01.04.2022;7.41;2.89;12.44;2.66;5.35;11.46;96.19
02.04.2022;10.23;3.54;18.44;4.89;14.88;2.41;85.12
03.04.2022;1.35;-1.67;4.07;4.16;5.41;1.19;84.12
04.04.2022;0.14;-2.92;4.05;3.13;16.24;1.07;78.19
05.04.2022;1.6;-3.55;5.8;4.97;12.43;1.54;78.12
06.04.2022;3.78;1.48;7.17;3.98;11.74;2.63;88.75
07.04.2022;8.92;1.47;15.9;4.57;11.61;0.25;79.75
08.04.2022;8.94;2.3;15.7;4.15;18.61;7.33;81.44
09.04.2022;8.95;2.5;13.81;3.29;18.2;1.64;80.94
10.04.2022;10.07;7.68;14.01;3.05;9.51;3.26;90.88
11.04.2022;10.95;7.54;17.17;2.75;14.97;3.03;87.56
12.04.2022;10.8;6.95;14.92;3.1;9.99;5.99;90.25
13.04.2022;11.32;8.23;15.86;4.98;11.95;1.73;85.31
14.04.2022;7.43;2.76;11.76;4.46;11.99;0.67;85.81
15.04.2022;7.68;-0.32;14.62;1.67;20.07;0.0;73.81
16.04.2022;8.73;5.79;12.79;3.68;12.34;3.68;87.38
17.04.2022;6.03;1.53;10.79;2.92;7.76;8.38;83.38
18.04.2022;8.05;3.99;10.6;3.46;5.52;8.14;93.88
19.04.2022;11.52;7.18;15.3;4.47;11.49;5.33;92.12
20.04.2022;9.27;4.61;11.94;2.1;4.18;14.28;93.31
21.04.2022;6.48;2.4;11.01;2.88;15.52;1.2;79.81
22.04.2022;8.38;1.48;13.11;1.55;18.16;0.04;72.5
23.04.2022;10.13;3.69;15.91;1.59;16.39;0.58;77.38
24.04.2022;9.83;7.75;12.44;2.96;5.22;9.11;91.94
25.04.2022;11.14;5.66;16.98;1.44;20.92;0.12;80.75
26.04.2022;13.43;7.55;18.57;3.12;16.66;0.43;80.88
27.04.2022;10.4;5.27;12.76;2.49;13.35;1.07;87.06
28.04.2022;8.9;3.27;13.73;1.2;18.38;0.07;72.62
29.04.2022;7.08;2.05;11.81;2.28;21.9;0.01;71.62
30.04.2022;7.49;1.75;12.84;1.87;18.07;0.12;68.25
01.05.2022;6.67;0.57;11.51;1.5;19.53;0.01;65.38
02.05.2022;9.16;3.19;15.12;0.98;21.31;0.0;63.25
03.05.2022;10.44;5.25;15.69;3.52;17.44;1.03;78.69
04.05.2022;10.12;2.98;14.76;3.31;16.7;0.6;79.94
05.05.2022;5.46;-0.05;11.19;3.12;26.84;0.0;69.69
06.05.2022;7.77;-0.26;14.44;1.52;27.26;0.0;65.5
07.05.2022;9.36;1.66;15.89;2.07;24.59;0.0;66.44
08.05.2022;11.83;5.11;18.14;2.16;22.45;0.02;70.19
09.05.2022;9.6;4.04;13.63;3.92;17.32;0.93;75.56
10.05.2022;5.73;3.15;8.43;3.93;18.75;0.69;74.38
11.05.2022;8.12;3.58;12.13;4.19;12.68;0.6;76.81
12.05.2022;14.38;5.03;21.33;4.3;20.7;2.07;77.5
13.05.2022;11.93;6.92;16.35;4.54;22.15;1.24;77.38
14.05.2022;11.48;5.73;15.66;2.73;17.17;3.94;84.81
15.05.2022;10.8;7.39;14.53;3.87;18.68;2.53;82.75
16.05.2022;10.08;5.73;14.46;4.2;24.03;0.18;73.31
17.05.2022;8.73;3.61;13.45;3.74;22.11;0.16;74.62
18.05.2022;8.43;2.32;13.61;2.76;14.03;2.68;84.75
19.05.2022;11.34;5.69;17.3;2.95;27.67;0.01;74.38
20.05.2022;11.8;5.56;16.98;2.65;23.07;0.26;75.62
21.05.2022;10.94;8.11;15.15;3.52;9.76;11.8;89.88
22.05.2022;10.12;7.33;12.24;2.94;7.6;19.49;88.25
23.05.2022;9.25;4.09;14.37;2.67;27.81;0.01;69.44
24.05.2022;10.55;2.76;17.05;2.4;26.86;0.0;68.38
25.05.2022;12.94;5.86;17.87;2.01;23.42;0.03;70.19
26.05.2022;13.69;9.08;20.61;4.16;12.91;3.3;77.44
27.05.2022;13.54;9.6;17.01;5.2;22.32;3.31;75.44
28.05.2022;12.87;7.4;16.5;4.02;21.37;4.41;76.12
29.05.2022;12.83;6.92;17.68;1.8;19.46;0.85;76.44
30.05.2022;15.39;10.1;19.97;2.27;25.99;1.17;77.25
31.05.2022;17.88;13.65;23.22;2.05;14.51;13.1;86.81
01.06.2022;19.02;14.11;23.0;1.87;20.12;1.08;85.81
02.06.2022;18.48;15.76;21.63;1.52;19.49;17.16;92.88
03.06.2022;18.12;12.43;22.19;2.38;18.43;1.97;87.38
04.06.2022;16.07;9.55;21.15;2.03;29.52;0.02;76.0
05.06.2022;16.16;11.54;19.81;1.51;18.37;0.07;74.38
06.06.2022;16.15;9.54;22.0;2.72;27.27;0.0;78.25
07.06.2022;17.58;11.28;22.65;1.73;25.41;0.0;74.62
08.06.2022;18.27;12.62;22.98;1.5;27.37;0.01;67.69
09.06.2022;19.9;13.98;24.4;0.9;30.21;0.0;58.31
10.06.2022;22.18;16.33;26.47;0.64;28.04;0.0;55.94
11.06.2022;22.49;17.38;26.74;1.24;25.37;0.69;71.69
12.06.2022;21.33;16.51;25.49;1.38;20.8;5.8;78.06
13.06.2022;19.76;16.33;23.82;1.66;23.49;13.56;77.81
14.06.2022;20.19;14.09;25.42;2.48;24.17;2.99;77.0
15.06.2022;16.4;12.63;20.62;2.31;24.64;2.62;75.0
16.06.2022;16.27;10.89;21.03;2.07;25.37;0.09;74.38
17.06.2022;16.74;10.9;20.37;1.26;23.77;1.97;78.0
18.06.2022;16.92;13.69;20.4;1.05;19.9;3.37;82.25
19.06.2022;18.92;13.09;23.48;2.39;28.67;0.01;73.19
20.06.2022;21.12;15.7;26.46;3.75;28.17;0.0;75.06
21.06.2022;21.6;15.21;26.9;2.94;28.82;0.41;70.88
22.06.2022;17.46;14.69;20.96;2.44;13.65;2.35;77.69
23.06.2022;18.07;15.04;21.64;3.99;6.87;12.11;87.94
24.06.2022;18.7;15.72;22.67;4.29;20.26;4.09;80.06
25.06.2022;19.78;14.45;24.36;2.64;26.27;0.15;78.81
26.06.2022;21.46;14.62;26.56;3.06;27.68;0.16;78.69
27.06.2022;22.98;16.75;27.37;2.16;29.82;0.02;73.69
28.06.2022;23.71;18.25;28.6;2.41;26.89;0.99;79.0
29.06.2022;19.59;14.83;23.75;2.17;28.64;0.0;70.19
30.06.2022;18.85;13.23;23.77;1.53;30.14;0.01;66.88
01.07.2022;17.72;10.18;23.29;3.18;28.22;0.04;72.56
02.07.2022;15.61;8.32;21.65;3.15;29.47;0.0;71.56
03.07.2022;19.81;11.28;26.07;2.75;27.94;0.16;73.88
04.07.2022;22.21;16.8;26.91;1.77;27.58;0.59;78.44
05.07.2022;23.18;17.26;27.59;1.16;25.27;0.48;73.62
06.07.2022;24.08;18.59;28.93;1.55;27.57;0.25;67.75
07.07.2022;23.3;18.79;27.96;2.44;23.62;1.48;68.44
08.07.2022;23.33;17.36;29.15;2.23;23.45;2.14;77.06
09.07.2022;23.85;17.49;30.0;1.64;23.01;1.96;68.44
10.07.2022;21.08;18.25;23.96;1.8;17.54;7.84;80.69
11.07.2022;21.28;16.51;26.69;3.49;9.25;10.79;81.06
12.07.2022;18.0;13.45;22.03;3.26;21.8;1.78;76.31
13.07.2022;18.23;11.96;23.84;3.0;24.82;0.72;67.88
14.07.2022;17.05;13.69;20.39;2.43;16.27;3.09;80.56
15.07.2022;19.73;12.87;25.67;2.87;24.71;7.26;79.12
16.07.2022;18.66;13.21;23.01;1.2;25.29;2.75;77.12
17.07.2022;18.37;14.3;22.17;1.41;16.77;0.53;72.0
18.07.2022;15.33;12.73;19.02;2.78;15.99;3.56;81.62
19.07.2022;16.54;10.42;21.14;2.49;19.91;0.99;76.19
20.07.2022;16.29;11.66;21.58;3.44;17.29;10.86;83.75
21.07.2022;15.52;11.88;20.05;3.26;10.41;5.55;87.12
22.07.2022;16.48;13.05;20.48;3.8;15.99;3.28;83.12
23.07.2022;19.31;13.58;24.21;3.19;22.28;1.78;82.06
24.07.2022;21.69;14.65;26.64;1.76;24.68;0.59;75.5
25.07.2022;19.37;15.88;23.0;1.25;18.6;4.23;85.06
26.07.2022;18.82;15.1;22.77;1.54;11.55;10.27;90.31
27.07.2022;22.33;15.16;27.23;1.06;25.58;2.72;73.88
28.07.2022;22.18;17.68;26.33;2.09;22.27;1.62;76.19
29.07.2022;19.49;15.35;24.16;2.71;25.81;0.01;72.75
30.07.2022;19.45;14.06;24.22;1.23;22.5;0.05;71.06
31.07.2022;20.13;13.69;25.34;2.12;23.3;0.01;68.31
01.08.2022;20.03;13.32;26.39;3.15;25.84;0.0;61.69
02.08.2022;20.21;15.13;25.37;3.4;13.34;11.85;78.0
03.08.2022;19.74;17.13;23.73;3.6;8.86;4.98;87.81
04.08.2022;20.26;17.1;24.08;3.53;17.3;8.58;88.88
05.08.2022;21.08;17.07;25.83;2.84;15.12;1.05;81.0
06.08.2022;22.81;17.11;29.13;2.42;23.49;0.04;68.56
07.08.2022;23.42;15.51;29.58;1.58;24.44;0.0;59.12
08.08.2022;24.41;18.78;30.18;1.02;20.25;0.02;58.19
09.08.2022;22.9;17.94;29.34;1.75;20.12;0.39;70.81
10.08.2022;21.41;17.86;26.71;3.16;20.15;3.29;82.06
11.08.2022;22.71;18.3;28.69;4.33;16.11;2.44;77.06
12.08.2022;24.06;18.04;30.63;4.02;22.13;0.14;72.06
13.08.2022;23.03;19.49;27.69;3.44;9.62;2.32;72.25
14.08.2022;23.32;18.69;28.8;3.73;14.73;0.49;66.56
15.08.2022;24.23;17.77;31.2;3.98;19.68;0.02;59.88
16.08.2022;22.54;18.33;28.8;3.15;11.36;0.27;57.75
17.08.2022;23.02;18.42;30.05;3.52;13.39;0.47;60.31
18.08.2022;21.69;16.89;27.2;4.9;18.5;0.18;67.62
19.08.2022;19.96;16.63;25.62;4.36;5.92;2.83;81.25
20.08.2022;18.78;15.14;25.29;4.52;9.51;4.41;72.25
21.08.2022;19.38;15.41;27.19;5.2;11.34;3.54;70.81
22.08.2022;22.12;16.47;28.87;4.38;21.18;0.0;54.94
23.08.2022;22.6;15.8;31.06;3.61;22.07;0.0;50.06
24.08.2022;22.46;14.52;30.45;3.1;22.11;0.0;49.0
25.08.2022;24.21;18.94;31.66;2.96;20.52;0.0;49.75
26.08.2022;22.58;17.05;28.69;2.63;18.08;0.19;55.19
27.08.2022;23.36;18.92;29.86;4.04;17.02;0.02;44.25
28.08.2022;23.51;18.05;29.25;3.16;10.9;1.89;48.81
29.08.2022;20.75;15.75;25.87;2.27;14.55;1.55;72.56
30.08.2022;22.61;15.69;29.2;2.97;16.26;0.39;64.25
31.08.2022;19.65;14.75;25.4;3.17;17.38;0.12;71.12
01.09.2022;15.03;9.75;20.54;2.65;17.8;0.0;62.25
02.09.2022;12.48;6.26;18.78;2.66;20.67;0.0;59.75
03.09.2022;12.25;7.01;17.32;1.77;13.35;0.01;57.06
04.09.2022;12.68;8.69;18.4;1.9;15.06;0.69;63.44
05.09.2022;11.17;6.73;15.3;2.3;14.7;0.33;68.5
06.09.2022;8.87;4.85;13.9;3.04;12.1;0.54;72.94
07.09.2022;9.8;3.65;15.69;2.87;9.38;0.0;61.69
08.09.2022;10.38;5.31;15.06;3.05;9.91;0.53;65.56
09.09.2022;7.99;3.81;14.23;2.45;14.78;0.07;71.94
10.09.2022;9.39;2.08;17.0;2.52;19.99;0.0;56.94
11.09.2022;8.77;5.98;11.43;3.91;5.4;5.17;68.19
12.09.2022;10.32;8.45;12.82;4.46;9.0;9.25;87.31
13.09.2022;9.42;8.24;10.98;2.29;3.64;3.67;91.56
14.09.2022;9.6;7.74;12.42;2.23;6.5;3.74;86.94
15.09.2022;13.06;7.63;19.05;1.86;10.14;2.05;82.5
16.09.2022;15.19;10.51;20.86;3.24;4.2;7.96;87.69
17.09.2022;13.41;7.29;19.06;2.02;12.63;35.64;80.12
18.09.2022;16.05;11.32;22.12;3.87;4.59;16.17;87.12
19.09.2022;11.04;6.65;15.05;6.16;6.67;2.69;77.25
20.09.2022;10.77;5.16;15.81;1.74;12.63;0.68;76.69
21.09.2022;11.88;7.97;17.23;1.7;10.72;6.54;74.81
22.09.2022;10.64;5.32;15.91;1.37;12.43;0.12;75.5
23.09.2022;9.13;7.19;11.43;1.84;3.53;8.19;88.44
24.09.2022;9.01;6.69;12.65;4.13;6.84;3.36;86.62
25.09.2022;8.01;6.23;11.44;5.08;5.03;7.47;85.38
26.09.2022;10.03;6.33;14.76;2.59;6.97;1.75;81.81
27.09.2022;12.09;9.51;15.1;2.54;3.26;19.34;95.19
28.09.2022;13.1;10.26;16.73;1.02;4.76;2.41;89.06
29.09.2022;11.98;7.82;16.55;1.73;10.3;0.12;88.62
30.09.2022;13.56;9.07;19.1;2.38;6.14;6.25;93.56
01.10.2022;16.19;12.62;21.05;2.48;4.69;1.57;90.5
02.10.2022;15.61;12.51;20.45;3.56;6.97;15.16;91.94
03.10.2022;10.37;7.62;13.52;6.17;4.9;3.58;80.44
04.10.2022;9.19;6.98;12.07;4.66;6.44;1.17;85.88
05.10.2022;8.38;6.94;10.83;3.81;5.31;1.3;86.38
06.10.2022;9.89;6.56;15.93;2.59;9.27;0.05;87.69
07.10.2022;10.47;4.77;16.1;2.55;11.87;0.07;85.5
08.10.2022;8.78;4.4;16.13;1.31;12.92;0.04;86.44
09.10.2022;10.73;3.44;17.3;1.98;12.34;0.15;82.19
10.10.2022;10.08;8.37;11.54;4.44;2.32;15.46;92.25
11.10.2022;8.06;6.37;9.95;4.31;4.23;1.62;91.75
12.10.2022;6.93;1.36;12.83;2.45;11.77;0.05;83.12
13.10.2022;5.98;1.67;10.51;2.05;6.66;0.1;86.75
14.10.2022;4.59;-0.12;9.48;1.45;9.21;0.02;80.25
15.10.2022;4.83;0.27;10.14;0.88;7.77;0.01;74.75
16.10.2022;3.86;-0.36;9.4;1.53;11.08;0.0;78.31
17.10.2022;5.17;-1.45;11.43;3.01;10.66;0.0;80.75
18.10.2022;10.53;6.11;16.29;4.27;7.5;0.45;78.62
19.10.2022;7.64;5.1;11.1;2.89;4.55;0.81;89.62
20.10.2022;6.61;3.71;9.81;2.91;3.65;2.37;91.69
21.10.2022;2.62;0.7;5.73;2.97;4.4;0.1;84.88
22.10.2022;3.64;0.84;7.99;2.41;5.76;0.36;84.12
23.10.2022;5.44;2.37;7.75;3.35;1.86;10.05;94.5
24.10.2022;6.17;4.25;8.9;2.85;3.63;0.56;93.06
25.10.2022;7.64;4.48;11.62;1.11;6.82;2.28;87.06
26.10.2022;6.79;4.91;8.39;3.36;1.76;12.62;96.06
27.10.2022;4.07;2.96;5.47;3.76;2.65;2.18;92.88
28.10.2022;4.64;1.87;7.42;1.98;3.43;0.23;92.38
29.10.2022;8.69;4.7;11.62;3.84;5.34;2.86;94.12
30.10.2022;9.73;5.94;11.31;5.35;3.94;1.48;87.81
31.10.2022;1.18;-1.13;4.77;4.7;3.76;0.37;83.69
01.11.2022;0.34;-2.46;5.08;3.25;5.41;0.03;87.94
02.11.2022;3.2;-0.71;7.38;2.16;5.12;0.4;94.5
03.11.2022;2.12;-0.95;6.21;1.4;4.94;0.4;88.75
04.11.2022;0.42;-1.77;4.01;0.9;2.58;0.9;90.5
05.11.2022;-0.59;-3.41;3.31;1.77;2.82;0.26;92.75
06.11.2022;-0.28;-2.4;2.64;1.7;2.01;0.2;91.81
07.11.2022;0.12;-1.73;4.07;2.3;2.5;0.17;91.81
08.11.2022;1.28;-2.16;4.9;2.86;4.04;0.29;90.81
09.11.2022;2.95;1.55;6.98;2.16;3.65;0.11;97.25
10.11.2022;3.77;2.19;6.26;3.13;3.32;0.09;91.81
11.11.2022;2.89;1.66;4.48;2.95;1.65;0.26;96.06
12.11.2022;6.36;4.25;8.26;5.22;3.06;0.32;96.12
13.11.2022;6.8;2.76;10.2;6.2;6.6;0.14;84.94
14.11.2022;0.04;-5.71;3.0;3.71;4.11;0.05;84.19
15.11.2022;-2.17;-5.7;0.93;2.02;4.14;0.12;83.69
16.11.2022;-0.45;-2.41;1.66;2.42;1.79;3.17;96.0
17.11.2022;-3.04;-5.26;-1.77;3.8;1.31;6.32;92.75
18.11.2022;-3.56;-5.63;-1.2;2.61;1.31;0.37;88.75
19.11.2022;-2.87;-5.67;0.36;4.73;1.0;17.25;93.12
20.11.2022;-6.32;-8.26;-3.35;2.57;1.6;0.73;97.31
21.11.2022;-2.3;-5.72;0.38;3.8;1.98;5.87;96.94
22.11.2022;0.16;-2.99;0.98;2.86;1.41;2.19;98.44
23.11.2022;-4.44;-8.71;-2.76;4.16;1.51;5.88;96.56
24.11.2022;-6.11;-9.56;-3.25;1.76;1.67;0.88;98.31
25.11.2022;-1.59;-3.37;0.02;4.38;1.44;1.08;97.56
26.11.2022;0.07;-0.77;0.3;3.64;1.96;0.81;97.81
27.11.2022;-1.45;-3.26;-0.66;3.09;0.92;2.39;97.44
28.11.2022;-4.73;-10.16;-2.44;3.19;1.03;0.44;96.88
29.11.2022;-9.48;-12.49;-6.17;3.81;4.27;0.0;96.12
30.11.2022;-10.1;-13.07;-7.35;4.08;4.19;0.0;94.94
01.12.2022;-8.45;-9.95;-6.02;4.05;3.86;0.0;93.06
02.12.2022;-7.59;-9.52;-4.77;4.17;3.39;0.0;95.38
03.12.2022;-9.9;-14.16;-7.66;3.97;1.35;0.0;96.38
04.12.2022;-14.81;-18.06;-11.19;3.45;3.87;0.0;95.81
05.12.2022;-16.25;-19.69;-11.42;2.71;4.64;0.0;96.88
06.12.2022;-15.1;-19.09;-9.87;2.86;4.6;0.0;97.75
07.12.2022;-12.66;-16.66;-9.26;5.2;4.12;0.73;97.56
08.12.2022;-7.17;-10.41;-4.56;3.85;0.96;5.23;98.12
09.12.2022;-1.33;-3.9;-0.12;3.37;1.3;10.28;97.31
10.12.2022;0.39;-0.06;0.77;4.0;0.89;7.26;97.69
11.12.2022;0.9;0.48;1.33;5.38;1.3;3.02;97.88
12.12.2022;0.81;0.45;1.23;6.65;0.86;17.54;96.25
13.12.2022;-0.72;-2.16;0.54;1.65;0.7;13.42;97.12
14.12.2022;-5.18;-9.36;-2.31;4.04;1.0;1.29;94.62
15.12.2022;-8.44;-13.86;-4.63;3.45;1.59;0.79;97.5
16.12.2022;-3.18;-4.87;-1.32;2.22;1.24;3.48;97.0
17.12.2022;0.15;-2.17;1.46;3.48;1.11;15.13;97.62
18.12.2022;-3.01;-7.74;1.62;5.09;0.71;0.75;95.12
19.12.2022;-10.29;-13.81;-6.18;4.38;2.9;0.18;95.62
20.12.2022;-8.71;-14.94;-4.6;4.07;3.66;2.31;91.06
21.12.2022;-3.44;-5.75;-1.63;2.72;1.78;2.09;97.06
22.12.2022;-1.14;-3.24;0.19;4.21;1.34;1.5;96.06
23.12.2022;0.62;0.25;0.93;4.51;2.01;1.8;97.88
24.12.2022;0.32;-0.02;0.79;3.29;1.56;2.12;97.5
25.12.2022;-1.43;-4.6;0.09;2.31;1.67;2.74;97.44
26.12.2022;-5.04;-5.8;-4.09;2.95;1.1;5.56;96.5
27.12.2022;-1.75;-4.66;-0.27;3.59;0.55;7.52;97.94
28.12.2022;-2.16;-3.88;-0.6;4.73;1.21;1.65;96.75
29.12.2022;-2.16;-4.08;-0.14;4.28;1.88;1.94;96.44
30.12.2022;-1.09;-1.95;0.2;4.3;2.47;0.63;97.75
31.12.2022;-0.92;-3.1;0.28;4.3;1.62;1.76;97.19
01.01.2023;0.1;-2.26;0.6;5.57;1.14;3.08;97.75
02.01.2023;-0.2;-2.92;1.22;3.98;3.52;0.16;96.44
03.01.2023;0.35;-1.56;1.39;4.91;2.6;0.75;97.75
04.01.2023;-2.47;-7.95;0.27;4.77;1.77;0.26;95.06
05.01.2023;-2.91;-6.28;-1.12;3.73;0.82;7.53;97.25
06.01.2023;-15.02;-27.67;-3.59;4.52;3.82;0.79;94.12
07.01.2023;-26.23;-29.78;-20.25;1.98;4.97;0.0;92.12
08.01.2023;-21.12;-26.28;-16.38;0.89;5.16;0.0;88.31
09.01.2023;-16.63;-21.89;-12.26;3.6;3.39;0.01;96.81
10.01.2023;-14.67;-17.95;-12.04;6.55;3.23;0.0;92.81
11.01.2023;-16.0;-19.11;-12.06;6.3;3.58;0.01;90.19
12.01.2023;-11.85;-15.02;-9.34;4.91;1.69;0.33;96.38
13.01.2023;-7.78;-10.95;-5.17;3.68;1.28;0.25;96.0
14.01.2023;-6.48;-8.2;-3.49;3.32;0.86;0.25;96.06
15.01.2023;-8.34;-10.66;-5.24;2.68;1.22;0.18;97.75
16.01.2023;-6.88;-9.67;-3.2;2.84;1.15;0.3;98.44
17.01.2023;-2.62;-4.68;-1.39;6.6;1.38;0.54;96.25
18.01.2023;-0.7;-2.22;0.48;7.88;1.23;7.78;96.38
19.01.2023;0.32;-0.31;0.65;7.14;2.11;5.18;96.81
20.01.2023;-1.81;-6.77;0.54;6.71;4.61;0.0;94.75
21.01.2023;-6.63;-8.95;-4.37;6.02;3.14;0.13;93.75
22.01.2023;-6.04;-9.33;-3.95;2.84;2.28;0.17;96.56
23.01.2023;-9.38;-12.44;-3.71;2.94;5.8;0.01;97.31
24.01.2023;-10.88;-14.04;-4.73;2.02;5.81;0.04;98.12
25.01.2023;-9.7;-12.7;-4.48;1.33;4.88;0.09;97.62
26.01.2023;-10.01;-13.65;-5.11;1.34;6.13;0.04;98.31
27.01.2023;-7.99;-10.2;-3.45;1.59;4.25;0.03;96.62
28.01.2023;-10.07;-13.11;-6.37;3.11;4.38;0.12;98.81
29.01.2023;-10.13;-12.52;-6.61;1.52;2.52;0.22;97.06
30.01.2023;-7.99;-13.17;-3.59;3.84;2.15;0.07;95.0
31.01.2023;-5.84;-8.01;-2.92;4.2;2.85;0.69;96.25
01.02.2023;-4.9;-6.42;-1.72;2.84;2.72;1.03;97.88
02.02.2023;-3.69;-6.66;-0.94;3.96;2.24;1.52;97.75
03.02.2023;-2.49;-4.79;0.2;3.77;1.59;2.21;97.25
04.02.2023;-4.85;-7.84;-1.03;3.29;1.69;1.03;97.19
05.02.2023;-7.44;-9.05;-4.06;3.2;2.58;0.47;95.94
06.02.2023;-6.42;-10.07;-3.6;3.02;3.04;0.87;95.88
07.02.2023;-12.62;-15.55;-8.12;3.88;7.43;0.13;97.31
08.02.2023;-15.13;-18.34;-8.81;2.64;7.45;0.06;97.94
09.02.2023;-8.69;-14.56;-4.37;2.55;5.92;0.42;97.75
10.02.2023;-6.13;-8.56;-1.88;4.58;7.86;0.07;94.88
11.02.2023;-4.92;-8.52;-2.17;4.75;5.44;0.97;96.5
12.02.2023;-4.45;-8.38;-2.18;7.97;6.88;3.51;91.56
13.02.2023;-7.47;-15.06;-2.31;5.09;4.7;2.9;97.81
14.02.2023;-1.17;-3.47;0.47;6.41;7.12;2.87;94.75
15.02.2023;-4.56;-7.83;-2.55;5.82;2.62;0.3;93.81
16.02.2023;-8.14;-11.42;-4.37;2.35;7.42;0.18;92.0
17.02.2023;-12.38;-17.33;-6.44;1.84;10.58;0.08;96.12
18.02.2023;-11.01;-15.77;-7.01;5.17;7.73;9.86;98.88
19.02.2023;-1.49;-6.06;0.31;4.77;7.85;1.77;96.75
20.02.2023;-3.99;-6.11;-2.01;5.74;4.47;1.06;96.19
21.02.2023;-3.81;-10.63;-0.38;4.01;8.69;4.51;96.06
22.02.2023;-14.44;-18.57;-10.7;4.45;12.34;0.09;92.75
23.02.2023;-17.69;-20.87;-11.62;3.45;12.64;0.02;97.69
24.02.2023;-8.51;-19.45;-2.79;6.08;9.09;0.29;92.44
25.02.2023;-0.77;-2.92;0.95;6.98;5.78;3.29;96.62
26.02.2023;0.02;-1.69;1.05;4.98;7.92;0.71;95.81
27.02.2023;-4.14;-9.6;-0.52;2.1;6.83;0.19;93.0
28.02.2023;-7.27;-10.63;-3.13;3.95;10.85;0.08;92.38
01.03.2023;-5.62;-12.32;-1.64;4.45;8.33;0.62;92.0
02.03.2023;-4.13;-9.77;-0.68;4.52;8.77;0.26;92.69
03.03.2023;-0.84;-3.3;0.89;4.83;11.38;0.32;94.88
04.03.2023;-0.88;-3.7;0.88;5.7;10.6;0.99;94.25
05.03.2023;-3.1;-6.4;-0.64;6.0;9.49;1.33;92.56
06.03.2023;-5.64;-11.24;-1.1;2.77;10.96;0.2;92.81
07.03.2023;-3.76;-11.46;0.86;3.54;11.76;0.74;95.38
08.03.2023;-0.81;-4.82;1.73;3.55;9.09;0.95;96.38
09.03.2023;0.31;-6.45;3.87;3.74;9.82;1.3;97.81
10.03.2023;-0.3;-4.07;2.64;4.04;8.6;2.16;88.44
11.03.2023;2.38;-4.12;8.1;5.06;5.44;3.67;95.38
12.03.2023;2.79;-4.13;10.61;6.68;3.56;6.63;92.31
13.03.2023;-1.75;-3.54;0.83;4.59;12.04;0.22;83.12
14.03.2023;1.09;-2.44;6.3;6.16;11.21;0.0;76.0
15.03.2023;2.59;-2.02;7.8;4.7;11.5;2.53;81.88
16.03.2023;2.89;1.19;5.75;1.62;3.72;9.95;96.19
17.03.2023;1.07;-2.1;3.85;4.62;4.48;0.53;92.69
18.03.2023;-1.24;-3.77;2.74;5.34;16.31;0.01;81.5
19.03.2023;-0.72;-3.29;1.4;2.91;8.46;0.92;91.19
20.03.2023;1.16;-1.07;4.33;1.48;5.33;0.45;92.25
21.03.2023;1.9;-1.34;6.37;1.95;12.66;0.11;90.88
22.03.2023;5.57;0.51;10.59;1.3;12.21;0.19;88.56
23.03.2023;7.15;3.23;12.45;2.84;13.86;0.5;90.38
24.03.2023;7.4;4.76;11.79;4.27;8.31;1.55;92.75
25.03.2023;9.62;5.29;14.65;4.51;6.53;3.52;91.94
26.03.2023;6.37;4.51;8.38;4.68;7.3;2.81;96.25
27.03.2023;6.69;4.41;11.04;2.81;14.13;1.07;85.38
28.03.2023;7.01;1.73;11.25;4.9;13.57;3.47;85.31
29.03.2023;4.54;-1.06;7.03;3.9;6.18;1.48;88.69
30.03.2023;1.15;-1.95;5.59;4.33;6.73;0.23;88.25
31.03.2023;-0.34;-2.54;2.87;4.12;4.67;4.57;92.56
01.04.2023;3.21;-1.82;6.07;3.7;4.07;1.42;96.19
02.04.2023;6.49;2.19;12.13;3.28;10.78;0.04;81.75
03.04.2023;7.08;2.01;12.49;2.36;11.16;0.75;83.12
04.04.2023;8.87;4.59;14.1;1.15;11.61;0.27;84.0
05.04.2023;8.94;3.97;13.59;3.43;12.59;0.24;85.94
06.04.2023;10.69;6.31;15.12;3.34;10.75;2.81;88.19
07.04.2023;10.53;5.94;15.12;2.9;14.84;2.59;87.69
08.04.2023;8.08;2.4;13.84;2.62;16.34;0.02;81.5
09.04.2023;7.01;3.4;11.48;2.23;13.92;0.31;83.94
10.04.2023;7.33;2.41;12.71;1.9;19.32;0.0;74.44
11.04.2023;8.1;0.87;14.91;2.92;19.09;0.0;74.81
12.04.2023;8.09;3.37;12.02;4.63;10.41;1.33;81.25
13.04.2023;8.36;6.74;11.43;5.25;4.41;14.23;89.0
14.04.2023;5.37;1.82;7.12;5.55;7.75;3.69;86.81
15.04.2023;2.49;-0.61;6.41;3.83;16.87;0.02;78.06
16.04.2023;5.01;-0.96;10.95;3.38;21.27;0.0;71.38
17.04.2023;6.65;-0.22;13.5;2.4;22.14;0.0;71.75
18.04.2023;7.62;2.22;12.95;2.79;18.28;0.01;74.0
19.04.2023;8.4;2.96;12.94;4.27;10.48;0.44;74.06
20.04.2023;8.8;6.18;13.44;4.12;11.36;1.6;81.0
21.04.2023;7.39;4.79;9.72;3.45;6.69;3.66;89.94
22.04.2023;8.12;4.26;12.76;2.66;14.55;1.18;86.81
23.04.2023;10.37;4.27;15.95;1.84;19.54;0.1;78.38
24.04.2023;10.18;5.41;14.5;1.74;16.01;0.49;83.44
25.04.2023;9.54;5.0;14.07;1.87;9.9;2.75;90.75
26.04.2023;11.9;6.2;17.78;2.96;20.18;0.64;80.75
27.04.2023;13.22;7.59;18.01;2.92;17.79;2.52;83.62
28.04.2023;12.34;7.19;17.09;2.97;13.05;20.6;90.25
29.04.2023;7.06;3.67;10.81;5.26;10.96;3.81;82.81
30.04.2023;5.86;3.47;8.23;3.65;4.02;11.81;91.69
01.05.2023;6.98;2.75;11.73;2.75;9.05;0.76;86.19
02.05.2023;6.96;-0.13;12.76;2.3;26.16;0.0;69.44
03.05.2023;11.28;2.36;18.54;3.09;24.83;0.0;74.06
04.05.2023;13.63;7.72;19.58;1.7;23.27;0.18;82.06
05.05.2023;8.87;4.92;11.94;2.42;17.05;2.0;88.38
06.05.2023;5.0;-0.0;8.65;3.01;19.63;0.44;79.56
07.05.2023;4.32;-2.11;8.74;2.68;25.74;0.0;72.44
08.05.2023;5.67;-0.2;10.55;3.68;24.69;0.0;70.75
09.05.2023;7.19;2.06;11.73;2.96;17.01;0.06;74.0
10.05.2023;6.92;3.08;10.94;2.52;16.82;0.17;77.0
11.05.2023;8.68;4.35;12.65;2.22;17.98;0.5;82.25
12.05.2023;11.02;4.76;16.12;1.82;21.31;0.32;76.44
13.05.2023;14.57;6.53;20.97;1.59;22.61;0.07;69.5
14.05.2023;14.84;9.02;20.71;2.09;23.26;0.14;76.38
15.05.2023;13.37;6.86;18.62;1.98;24.75;0.02;78.0
16.05.2023;13.77;7.44;19.21;1.77;25.42;0.0;74.31
17.05.2023;14.76;7.18;20.89;1.96;28.17;0.0;71.06
18.05.2023;16.47;9.89;22.2;1.92;23.65;0.02;71.0
19.05.2023;17.43;10.15;23.82;2.19;23.51;0.06;73.62
20.05.2023;14.19;8.66;18.68;3.55;22.85;0.04;78.62
21.05.2023;13.4;7.05;18.66;2.84;24.34;0.23;78.25
22.05.2023;15.96;12.03;19.65;2.12;20.1;4.67;86.31
23.05.2023;14.58;10.85;16.9;1.33;10.13;7.83;92.81
24.05.2023;17.39;10.58;22.48;0.96;19.06;2.24;80.06
25.05.2023;17.64;13.83;21.04;0.86;13.45;5.46;84.44
26.05.2023;17.75;12.83;21.34;1.5;20.71;1.03;80.44
27.05.2023;18.18;12.64;22.65;2.11;18.78;1.66;79.56
28.05.2023;14.78;7.95;19.51;3.2;28.83;0.05;74.5
29.05.2023;13.65;6.0;19.82;2.3;30.17;0.0;72.19
30.05.2023;14.72;9.0;19.8;2.09;16.34;0.18;76.75
31.05.2023;14.36;8.72;20.04;2.45;26.8;0.03;74.31
01.06.2023;14.94;8.35;20.76;1.35;29.3;0.0;65.12
02.06.2023;17.24;9.42;23.22;2.59;28.82;0.01;70.06
03.06.2023;13.44;5.26;20.37;3.63;15.48;3.26;82.81
04.06.2023;10.93;3.47;16.55;1.88;26.8;0.0;69.81
05.06.2023;13.46;7.6;17.81;1.02;19.95;0.02;63.94
06.06.2023;15.69;8.72;20.67;1.56;21.19;0.16;69.0
07.06.2023;18.41;11.4;23.12;0.85;28.79;0.01;61.38
08.06.2023;17.74;13.33;21.83;1.29;24.3;0.88;71.81
09.06.2023;19.21;14.17;23.23;1.12;22.31;1.49;73.5
10.06.2023;18.04;12.78;22.44;2.76;20.15;4.98;79.94
11.06.2023;12.58;10.32;14.12;6.36;10.4;0.98;79.69
12.06.2023;11.37;9.46;14.03;5.52;9.56;1.53;83.19
13.06.2023;13.51;9.16;17.47;3.6;26.93;0.3;82.75
14.06.2023;16.25;10.66;21.32;3.49;12.78;0.56;86.62
15.06.2023;16.65;13.15;20.83;3.3;12.62;0.85;87.19
16.06.2023;18.9;13.39;23.89;3.09;25.63;0.02;76.56
17.06.2023;20.02;14.26;25.08;2.48;26.1;0.02;77.69
18.06.2023;18.5;12.6;23.3;2.55;27.83;0.01;74.75
19.06.2023;18.05;11.05;22.8;1.27;20.51;0.54;71.0
20.06.2023;19.04;13.33;24.05;1.73;23.39;0.21;74.19
21.06.2023;16.69;11.44;21.11;2.38;28.3;0.07;73.12
22.06.2023;17.87;9.65;23.43;1.73;25.51;0.46;70.12
23.06.2023;19.45;15.52;23.57;3.4;13.98;6.63;85.56
24.06.2023;20.07;15.48;24.27;1.88;24.48;0.24;77.62
25.06.2023;17.06;13.84;20.65;2.65;24.24;0.57;79.25
26.06.2023;14.98;13.1;17.35;4.06;6.62;13.0;86.44
27.06.2023;15.69;12.73;19.02;1.84;7.99;7.01;88.62
28.06.2023;15.5;12.52;17.78;1.98;10.82;4.67;89.44
29.06.2023;16.48;12.94;19.99;3.57;20.83;3.19;82.25
30.06.2023;15.51;11.94;19.26;2.8;16.56;6.91;86.88
01.07.2023;18.61;12.2;23.89;3.76;24.76;0.87;81.31
02.07.2023;20.19;15.33;24.66;2.85;24.87;1.59;84.19
03.07.2023;19.8;16.29;22.66;1.74;16.77;10.18;89.06
04.07.2023;22.02;16.41;26.12;0.91;21.39;1.82;77.06
05.07.2023;23.44;18.46;27.5;1.01;22.58;1.9;75.88
06.07.2023;23.06;19.21;26.98;1.97;22.79;2.75;86.88
07.07.2023;24.6;18.87;30.08;2.02;27.25;0.12;74.44
08.07.2023;22.7;19.31;27.08;3.2;20.41;3.41;84.06
09.07.2023;18.16;15.49;19.55;5.45;7.07;7.48;86.62
10.07.2023;17.96;13.87;21.87;3.82;22.35;0.61;78.25
11.07.2023;15.51;12.15;19.31;2.88;15.39;1.4;81.38
12.07.2023;14.03;10.97;17.45;2.86;19.47;0.89;79.19
13.07.2023;17.84;11.19;22.96;3.13;24.78;0.63;78.62
14.07.2023;19.89;15.78;24.11;1.92;12.77;10.89;88.44
15.07.2023;18.73;14.65;23.06;3.12;22.07;1.32;80.0
16.07.2023;18.3;13.2;23.3;2.91;24.11;0.69;79.81
17.07.2023;20.16;13.58;25.01;2.07;25.7;0.35;76.38
18.07.2023;19.51;14.39;24.17;2.87;19.95;5.92;82.06
19.07.2023;16.76;12.04;21.24;3.9;23.86;0.33;75.88
20.07.2023;18.14;11.39;22.94;2.28;25.24;0.06;72.75
21.07.2023;18.33;13.77;22.35;2.52;18.14;4.54;81.06
22.07.2023;16.83;12.05;21.26;1.52;15.61;2.56;82.81
23.07.2023;17.19;13.31;21.89;1.66;11.21;4.92;86.56
24.07.2023;18.11;11.35;23.2;2.06;24.53;0.61;75.94
25.07.2023;20.28;14.9;25.37;3.48;19.7;0.55;72.06
26.07.2023;21.62;16.4;28.01;4.13;18.89;3.21;81.44
27.07.2023;23.23;17.82;28.74;3.24;22.48;2.01;78.62
28.07.2023;19.92;16.49;23.0;2.69;9.27;29.32;90.12
29.07.2023;18.28;14.58;22.71;3.95;16.67;1.6;79.38
30.07.2023;18.73;13.23;23.57;2.29;24.75;0.07;77.69
31.07.2023;19.42;15.7;23.02;1.26;15.16;11.39;77.25
01.08.2023;20.62;16.5;24.55;1.38;19.07;1.84;84.06
02.08.2023;20.81;16.3;25.93;1.73;22.89;3.18;82.81
03.08.2023;22.49;16.46;27.42;1.62;22.5;0.37;79.12
04.08.2023;22.7;17.98;27.23;1.45;25.04;0.0;77.62
05.08.2023;24.39;19.7;29.5;1.04;24.23;0.01;74.44
06.08.2023;24.98;18.86;30.84;3.23;25.26;0.01;74.81
07.08.2023;24.91;19.58;30.79;4.81;23.07;4.2;75.81
08.08.2023;19.36;14.96;24.02;2.69;24.92;0.83;75.62
09.08.2023;18.58;13.52;22.99;1.86;18.24;0.43;76.19
10.08.2023;20.44;13.37;26.12;2.7;24.64;1.32;74.5
11.08.2023;21.61;19.44;25.73;3.03;7.93;17.73;87.38
12.08.2023;20.41;15.15;24.65;3.86;13.14;1.45;81.75
13.08.2023;18.42;13.47;23.69;3.71;19.76;0.26;79.25
14.08.2023;20.58;14.62;25.87;2.31;23.2;0.0;76.44
15.08.2023;21.99;16.55;27.57;2.48;21.74;0.24;78.56
16.08.2023;20.82;15.29;26.37;2.33;23.57;0.06;78.0
17.08.2023;20.98;14.99;26.21;2.38;21.77;0.01;75.5
18.08.2023;22.72;16.97;28.66;2.71;22.3;0.08;78.56
19.08.2023;24.31;18.31;30.46;2.26;21.78;0.05;72.31
20.08.2023;24.43;18.9;30.29;1.18;18.68;1.67;70.0
21.08.2023;21.01;15.62;25.01;2.27;16.28;4.47;79.94
22.08.2023;19.26;14.37;23.81;2.54;10.01;3.11;81.69
23.08.2023;18.05;14.62;22.3;3.2;16.07;0.7;77.62
24.08.2023;17.12;11.65;22.05;2.76;17.05;0.31;76.75
25.08.2023;16.23;11.58;20.77;2.08;16.9;0.1;76.12
26.08.2023;17.79;10.73;22.78;1.47;18.86;0.04;70.75
27.08.2023;21.76;14.96;27.37;1.6;19.06;0.15;69.69
28.08.2023;21.74;16.91;26.84;2.01;18.15;0.32;75.5
29.08.2023;17.98;14.55;22.84;2.1;10.18;1.54;73.38
30.08.2023;19.99;12.9;27.15;1.27;20.36;0.0;60.69
31.08.2023;20.04;13.13;27.45;2.05;21.06;0.0;52.12
01.09.2023;20.83;12.65;28.57;2.05;18.64;0.83;59.88
02.09.2023;19.23;14.23;23.97;2.9;12.31;0.19;74.06
03.09.2023;17.25;12.27;23.08;2.09;17.25;0.01;70.81
04.09.2023;16.8;12.52;20.71;3.53;14.27;1.02;79.69
05.09.2023;17.46;13.59;22.07;2.45;13.56;3.32;82.31
06.09.2023;17.73;12.02;23.18;2.36;19.43;0.04;70.31
07.09.2023;14.3;8.67;19.06;3.49;20.38;0.02;66.44
08.09.2023;12.14;7.18;17.48;3.32;10.5;0.24;75.56
09.09.2023;10.78;6.76;15.29;3.71;11.96;0.09;73.31
10.09.2023;13.95;10.05;18.6;2.69;11.78;0.36;79.31
11.09.2023;15.07;10.87;19.62;1.59;14.74;0.08;75.81
12.09.2023;14.3;10.43;18.76;1.45;17.34;0.03;74.06
13.09.2023;13.44;8.57;19.08;1.66;15.83;0.02;72.06
14.09.2023;13.78;7.97;20.18;1.48;17.23;0.0;69.88
15.09.2023;13.51;8.24;18.83;1.74;9.52;0.05;68.06
16.09.2023;14.78;8.3;21.6;2.38;15.22;0.01;72.44
17.09.2023;15.26;8.37;21.01;1.12;15.91;0.04;69.88
18.09.2023;16.62;11.0;22.79;1.41;11.46;0.0;62.44
19.09.2023;16.52;10.12;24.06;1.91;17.12;0.0;61.0
20.09.2023;17.12;10.44;24.8;2.86;16.74;0.0;56.62
21.09.2023;17.75;12.59;24.51;2.41;15.8;0.0;55.0
22.09.2023;17.85;12.68;25.13;3.1;15.32;0.0;53.44
23.09.2023;16.65;10.86;24.19;2.9;15.61;0.0;50.94
24.09.2023;17.29;10.3;25.89;2.51;15.99;0.0;56.62
25.09.2023;18.22;12.33;25.93;1.16;15.09;0.02;56.25
26.09.2023;16.91;11.69;23.55;2.17;13.57;0.06;76.25
27.09.2023;16.11;9.77;24.05;1.9;15.07;0.0;71.62
28.09.2023;14.9;8.87;22.08;1.43;15.47;0.0;63.5
29.09.2023;16.2;10.27;22.79;0.59;15.41;0.0;50.31
30.09.2023;16.8;10.41;23.63;1.16;15.04;0.0;47.94
01.10.2023;16.65;10.08;24.18;2.09;13.36;0.1;59.0
02.10.2023;11.83;8.73;15.49;3.09;7.19;2.52;79.25
03.10.2023;10.23;6.58;15.64;2.05;12.4;0.03;72.81
04.10.2023;12.3;5.95;20.13;3.6;12.57;0.04;70.88
05.10.2023;10.77;7.82;15.61;2.91;9.47;0.24;78.44
06.10.2023;9.65;3.01;14.14;4.95;6.69;1.7;70.75
07.10.2023;6.57;0.21;11.98;5.78;3.56;8.33;84.06
08.10.2023;7.29;3.46;10.3;6.65;10.03;0.05;58.81
09.10.2023;3.99;1.08;7.23;5.85;5.2;0.78;73.0
10.10.2023;1.94;-1.85;6.21;3.73;6.38;2.0;83.12
11.10.2023;1.76;-3.76;7.83;2.68;12.92;0.0;66.25
12.10.2023;9.11;0.93;15.48;7.16;8.42;0.52;57.56
13.10.2023;9.86;4.99;14.36;3.19;9.57;1.87;75.88
14.10.2023;9.26;2.13;17.03;3.53;11.08;0.03;72.69
15.10.2023;12.32;8.4;17.4;4.16;9.36;1.56;80.94
16.10.2023;6.72;3.17;10.76;3.2;2.52;15.9;93.38
17.10.2023;3.41;-0.17;6.26;5.27;4.68;0.81;82.88
18.10.2023;4.63;-0.39;10.66;4.39;9.24;0.73;71.69
19.10.2023;4.84;1.81;7.86;3.02;5.33;1.5;83.81
20.10.2023;6.69;4.03;8.96;1.97;1.95;21.26;95.38
21.10.2023;4.46;1.55;7.27;3.83;3.03;8.35;89.69
22.10.2023;5.15;1.64;8.79;3.75;3.09;0.67;86.25
23.10.2023;10.25;6.29;16.55;5.27;4.69;0.81;86.69
24.10.2023;5.76;2.99;8.69;3.59;4.03;0.36;86.88
25.10.2023;3.21;0.97;6.17;2.56;3.66;3.12;87.25
26.10.2023;0.9;0.05;1.78;5.06;1.81;10.85;93.38
27.10.2023;4.22;1.59;7.17;2.13;1.85;12.44;98.0
28.10.2023;8.41;3.4;15.44;6.17;2.46;17.74;91.44
29.10.2023;3.51;-0.56;5.9;3.98;4.04;1.67;88.81
30.10.2023;8.36;-0.18;15.5;4.63;6.65;0.04;84.12
31.10.2023;10.49;6.9;14.83;3.24;5.65;0.01;88.88
01.11.2023;10.92;6.78;16.85;3.57;7.43;8.55;84.31
02.11.2023;8.31;4.16;11.33;4.41;3.53;3.95;91.44
03.11.2023;4.23;1.65;8.33;1.73;6.73;0.01;89.94
04.11.2023;6.64;2.31;9.65;5.34;1.84;1.67;95.62
05.11.2023;9.75;8.4;11.05;5.32;3.88;6.27;94.06
06.11.2023;9.37;7.73;11.99;3.96;1.84;3.28;93.25
07.11.2023;7.05;5.82;9.1;4.56;5.16;0.17;92.5
08.11.2023;6.55;4.55;9.69;3.12;4.45;24.73;95.0
09.11.2023;5.01;3.4;7.73;4.89;3.26;2.16;92.31
10.11.2023;4.05;1.32;6.8;2.76;4.9;0.12;89.5
11.11.2023;3.19;0.52;6.05;4.42;3.91;1.79;90.62
12.11.2023;7.22;3.51;12.5;7.29;3.03;11.0;88.19
13.11.2023;4.19;1.89;5.94;5.52;1.59;1.44;93.25
14.11.2023;2.59;0.94;5.71;3.51;5.48;2.4;90.25
15.11.2023;2.07;0.08;4.29;1.72;1.98;1.49;95.75
16.11.2023;1.87;-0.34;3.65;1.95;1.58;3.43;96.38
17.11.2023;0.6;-2.73;3.08;3.78;2.1;1.45;92.44
18.11.2023;-3.75;-6.56;-0.65;3.34;3.65;0.03;85.06
19.11.2023;-3.22;-6.68;-0.53;3.79;2.35;0.42;87.69
20.11.2023;-4.11;-7.33;-1.85;5.3;0.66;8.37;89.25
21.11.2023;-7.69;-9.78;-5.72;3.68;2.53;0.2;85.62
22.11.2023;-8.56;-10.03;-6.34;2.91;3.13;0.11;79.94
23.11.2023;-7.56;-9.89;-3.5;4.58;1.97;2.86;84.38
24.11.2023;-0.06;-3.14;1.58;5.98;1.77;1.73;96.31
25.11.2023;-0.85;-3.35;0.9;2.82;3.43;0.15;93.0
26.11.2023;-0.72;-2.95;1.43;4.53;1.37;12.51;96.5
27.11.2023;-1.72;-4.56;1.62;6.58;1.75;2.63;93.94
28.11.2023;-7.23;-9.03;-4.85;4.03;2.16;0.22;92.94
29.11.2023;-0.97;-5.88;0.56;6.41;0.76;12.22;95.44
30.11.2023;-6.91;-10.35;-1.66;4.38;3.46;0.25;96.25
01.12.2023;-5.05;-8.4;-1.88;4.25;0.74;9.38;97.62
02.12.2023;-6.74;-9.67;-4.8;1.71;1.77;1.75;95.19
03.12.2023;-3.04;-7.27;0.38;5.41;1.14;3.29;97.31
04.12.2023;-11.34;-15.17;-7.45;3.13;1.68;0.14;96.56
05.12.2023;-10.27;-13.13;-6.19;2.38;1.9;0.3;98.44
06.12.2023;-10.58;-13.02;-7.76;1.79;1.44;0.12;97.31
07.12.2023;-8.93;-11.75;-6.08;4.25;1.93;0.19;97.75
08.12.2023;-9.39;-11.76;-7.22;5.02;1.86;1.99;97.06
09.12.2023;-8.53;-9.39;-7.17;3.82;1.23;4.02;97.81
10.12.2023;-8.22;-9.17;-7.3;3.31;1.33;2.19;98.12
11.12.2023;-6.34;-7.38;-5.27;4.1;0.63;3.78;97.25
12.12.2023;-5.26;-8.24;-3.52;5.38;1.46;6.46;97.62
13.12.2023;-11.7;-14.37;-8.61;4.7;1.23;1.41;98.56
14.12.2023;-10.04;-14.46;-5.81;5.64;2.63;20.57;97.31
15.12.2023;-7.48;-13.72;-1.37;4.2;1.3;3.51;97.44
16.12.2023;-8.02;-13.04;-4.43;3.09;1.2;0.13;96.44
17.12.2023;-4.81;-12.38;-0.45;4.52;0.86;1.49;98.31
18.12.2023;-0.17;-1.54;0.46;3.85;1.57;0.98;97.38
19.12.2023;0.33;0.09;0.51;4.73;0.98;0.86;97.75
20.12.2023;-0.42;-1.83;0.37;5.02;1.03;2.01;96.44
21.12.2023;0.01;-1.27;0.72;3.41;1.0;0.4;97.81
22.12.2023;-2.11;-4.43;0.29;3.96;1.15;1.27;98.25
23.12.2023;-3.4;-8.24;0.48;2.52;1.04;1.72;98.19
24.12.2023;-5.06;-8.22;-3.22;3.38;1.37;0.95;97.31
25.12.2023;-4.78;-9.06;0.65;4.06;1.33;1.99;98.06
26.12.2023;0.1;-1.29;0.71;5.92;2.72;2.0;96.5
27.12.2023;-0.28;-4.51;0.58;5.98;1.69;2.98;95.81
28.12.2023;-4.7;-8.35;-2.48;4.07;1.97;0.17;96.25
29.12.2023;-1.41;-6.04;0.53;4.71;2.0;0.66;97.56
30.12.2023;-0.09;-1.45;0.44;5.13;2.13;1.03;97.56
31.12.2023;0.11;-1.17;0.64;6.25;2.64;0.5;96.25
01.01.2024;-5.14;-11.38;-0.52;2.78;2.63;5.13;93.44
02.01.2024;-4.05;-16.32;0.23;3.18;1.26;6.28;98.06
03.01.2024;-19.52;-21.22;-16.7;2.98;3.68;0.4;95.19
04.01.2024;-17.93;-20.07;-16.28;4.54;2.04;5.69;95.88
05.01.2024;-16.75;-19.45;-13.8;2.88;1.97;2.0;95.75
06.01.2024;-12.91;-18.1;-9.49;2.49;1.2;3.18;97.69
07.01.2024;-18.56;-22.98;-11.26;3.8;3.33;0.04;95.62
08.01.2024;-22.7;-25.76;-18.42;4.08;2.89;0.02;96.19
09.01.2024;-18.26;-25.27;-12.03;4.01;3.09;0.27;98.31
10.01.2024;-10.13;-17.87;-1.92;5.03;2.42;1.15;96.38
11.01.2024;-5.52;-10.85;-2.51;6.89;2.46;4.03;96.56
12.01.2024;-15.38;-21.86;-11.87;4.83;3.44;0.07;95.62
13.01.2024;-23.99;-27.06;-18.87;1.76;3.83;0.09;98.81
14.01.2024;-12.56;-22.84;-6.98;5.79;1.35;1.57;98.75
15.01.2024;-6.95;-10.54;-4.42;5.25;1.99;1.36;97.94
16.01.2024;-4.41;-7.13;-1.92;4.79;0.88;6.73;97.25
17.01.2024;-13.27;-17.92;-7.67;4.98;3.39;0.14;97.12
18.01.2024;-9.32;-21.38;0.93;7.22;1.23;7.67;96.69
19.01.2024;-0.45;-5.15;0.8;4.33;2.09;10.19;96.44
20.01.2024;-6.49;-10.49;-4.33;4.46;2.55;3.66;95.81
21.01.2024;-12.09;-16.92;-7.62;1.42;3.37;0.05;97.31
22.01.2024;-15.49;-18.75;-11.09;2.15;4.45;0.27;99.81
23.01.2024;-9.2;-12.56;-7.24;6.03;3.08;0.09;97.75
24.01.2024;-6.27;-7.85;-4.59;5.8;3.08;0.95;96.62
25.01.2024;-4.28;-5.52;-3.26;4.79;2.01;2.76;98.25
26.01.2024;-3.09;-4.56;-0.17;0.94;3.59;1.54;97.31
27.01.2024;-5.47;-7.43;-2.74;1.23;3.11;1.01;98.44
28.01.2024;-5.49;-7.92;-1.86;2.66;2.8;0.45;98.06
29.01.2024;-7.55;-10.13;-3.63;2.03;3.51;0.2;94.88
30.01.2024;-6.61;-8.63;-3.85;4.2;4.46;0.13;97.0
31.01.2024;-5.55;-10.04;-1.22;3.09;4.83;0.02;97.56
01.02.2024;-2.29;-5.63;0.33;5.34;3.23;0.63;97.56
02.02.2024;-3.02;-8.22;0.01;5.98;4.85;0.74;94.25
03.02.2024;-3.56;-6.28;-1.24;5.46;4.23;1.81;97.0
04.02.2024;0.04;-1.34;0.65;6.8;5.34;0.48;94.94
05.02.2024;-1.88;-7.5;0.4;5.62;4.38;1.08;95.75
06.02.2024;-6.88;-9.57;-1.91;4.68;7.12;0.05;95.19
07.02.2024;-2.85;-9.04;1.1;5.68;2.79;7.54;98.0
08.02.2024;-7.3;-17.17;0.5;4.27;7.45;0.07;92.38
09.02.2024;-12.29;-17.06;-6.67;1.3;6.17;0.04;95.62
10.02.2024;-8.64;-12.88;-4.84;4.12;7.3;1.24;96.19
11.02.2024;-3.67;-6.2;-1.13;5.6;3.72;3.38;96.69
12.02.2024;0.35;-1.15;1.17;3.92;4.09;10.16;97.31
13.02.2024;0.43;0.15;0.88;2.66;6.04;2.79;97.44
14.02.2024;-0.42;-3.31;0.44;5.7;3.8;0.49;96.12
15.02.2024;-5.03;-8.75;-3.39;5.96;4.5;3.96;90.75
16.02.2024;-9.41;-10.63;-7.6;3.8;5.29;3.63;92.06
17.02.2024;-9.06;-10.92;-4.94;3.15;7.53;0.13;92.19
18.02.2024;-3.83;-9.87;0.3;4.73;3.34;2.93;95.69
19.02.2024;-8.5;-11.57;-3.6;2.45;9.85;0.09;92.31
20.02.2024;-7.47;-12.15;-3.6;3.05;6.28;0.12;92.81
21.02.2024;-5.31;-7.49;-3.35;5.44;6.86;4.15;95.25
22.02.2024;-2.7;-4.54;-0.44;4.8;4.23;5.95;97.25
23.02.2024;-2.27;-4.17;-0.47;5.73;5.05;0.75;96.88
24.02.2024;-2.11;-5.36;0.36;6.5;6.24;0.11;95.62
25.02.2024;-4.43;-6.72;-1.69;6.76;8.09;0.0;92.06
26.02.2024;-5.63;-9.05;-2.32;5.81;8.14;0.0;93.44
27.02.2024;-5.45;-10.65;-1.71;4.54;11.78;0.0;93.06
28.02.2024;-4.85;-10.53;0.1;4.23;10.59;0.0;92.56
29.02.2024;-3.19;-7.03;0.45;3.51;12.22;0.0;94.56
01.03.2024;-2.93;-6.91;0.43;2.22;9.17;0.05;96.31
02.03.2024;-3.72;-7.84;0.45;3.94;11.93;0.04;95.69
03.03.2024;-3.53;-6.67;-0.63;5.44;8.53;0.0;93.62
04.03.2024;-3.87;-6.31;-0.16;3.71;9.26;0.01;96.12
05.03.2024;-4.06;-8.91;-0.33;1.77;10.97;0.06;96.12
06.03.2024;-3.51;-6.42;-1.51;4.05;8.62;0.53;95.38
07.03.2024;-6.49;-11.08;-1.56;1.58;8.34;0.05;88.31
08.03.2024;-5.82;-13.26;0.5;3.12;13.45;0.12;95.25
09.03.2024;-5.77;-11.0;-0.9;2.3;13.13;0.09;91.94
10.03.2024;-5.4;-9.61;-0.63;2.21;5.88;0.97;91.12
11.03.2024;-9.21;-14.65;-2.2;1.59;14.05;0.0;85.31
12.03.2024;-7.53;-14.43;0.08;1.38;14.62;0.0;84.38
13.03.2024;-4.86;-11.47;0.13;3.29;6.55;0.0;94.0
14.03.2024;-1.85;-5.5;0.64;4.04;14.58;0.08;92.88
15.03.2024;-1.53;-3.35;0.73;2.35;11.0;0.02;94.75
16.03.2024;-1.4;-3.31;0.91;1.25;14.82;0.03;94.19
17.03.2024;-0.42;-2.59;0.76;1.25;6.74;0.46;97.81
18.03.2024;0.54;0.08;0.9;1.64;6.81;0.8;97.38
19.03.2024;0.06;-2.25;0.76;3.66;9.22;1.44;95.88
20.03.2024;-1.93;-5.74;0.77;2.67;16.03;0.01;95.06
21.03.2024;-1.93;-5.74;0.77;2.67;16.03;0.01;95.06
22.03.2024;-4.27;-9.24;0.93;0.84;16.39;0.19;89.56
23.03.2024;-1.35;-8.97;2.02;3.66;14.24;1.49;95.12
